Season,Week,Team,Day,Date,Unnamed: 3,Unnamed: 4,OT,Unnamed: 6,Opp,Tm,Opp.1,Cmp,Att,Yds,TD,Int,Sk,Yds.1,Y/A,NY/A,Cmp%,Rate,Att.1,Yds.2,Y/A.1,TD.1,FGM,FGA,XPM,XPA,Pnt,Yds.3,3DConv,3DAtt,4DConv,4DAtt,ToP
2013,1,CRD,Sun,September 8,boxscore,L,,@,St. Louis Rams,24,27,26,40,304,2,1,4,23,8.2,6.9,65.0,94.2,26,86,3.3,0,1,2,3,3,4,187,7,14,0,0,31:25
2013,2,CRD,Sun,September 15,boxscore,W,,,Detroit Lions,25,21,23,40,261,1,1,1,4,6.6,6.4,57.5,75.1,25,87,3.5,1,4,4,1,1,5,214,1,11,0,0,31:19
2013,3,CRD,Sun,September 22,boxscore,L,,@,New Orleans Saints,7,31,18,35,161,0,2,4,26,5.3,4.1,51.4,40.3,16,86,5.4,1,0,0,1,1,8,326,5,13,0,0,24:29
2013,4,CRD,Sun,September 29,boxscore,W,,@,Tampa Bay Buccaneers,13,10,21,38,240,1,2,1,8,6.5,6.2,55.3,61.3,20,56,2.8,0,2,2,1,1,7,320,1,10,0,0,25:55
2013,5,CRD,Sun,October 6,boxscore,W,,,Carolina Panthers,22,6,19,28,160,1,3,2,15,6.3,5.3,67.9,54.8,28,90,3.2,1,2,2,2,2,4,199,4,12,0,0,28:56
2013,6,CRD,Sun,October 13,boxscore,L,,@,San Francisco 49ers,20,32,25,41,294,2,2,1,4,7.3,7.0,61.0,78.7,21,109,5.2,1,0,0,2,2,5,218,5,13,0,1,25:41
2013,7,CRD,Thu,October 17,boxscore,L,,,Seattle Seahawks,22,34,30,45,204,1,2,7,54,5.7,3.9,66.7,65.4,18,30,1.7,1,3,3,1,1,4,197,5,15,1,2,32:20
2013,8,CRD,Sun,October 27,boxscore,W,,,Atlanta Falcons,27,13,13,18,147,2,1,3,25,9.6,7.0,72.2,110.2,30,201,6.7,1,2,2,3,3,5,232,3,10,0,0,25:41
2013,10,CRD,Sun,November 10,boxscore,W,,,Houston Texans,27,24,20,32,235,2,1,1,6,7.5,7.1,62.5,92.6,29,97,3.3,0,2,2,3,3,5,219,3,10,0,0,31:08
2013,11,CRD,Sun,November 17,boxscore,W,,@,Jacksonville Jaguars,27,14,30,42,402,2,0,3,17,10.0,8.9,71.4,117.4,24,14,0.6,1,2,2,3,3,8,358,5,16,0,0,35:53
2013,12,CRD,Sun,November 24,boxscore,W,,,Indianapolis Colts,40,11,26,38,290,2,0,3,24,8.3,7.1,68.4,108.4,30,120,4.0,1,4,5,4,4,2,72,7,14,0,0,36:49
2013,13,CRD,Sun,December 1,boxscore,L,,@,Philadelphia Eagles,21,24,24,41,260,3,2,5,42,7.4,5.7,58.5,81.4,22,90,4.1,0,0,0,3,3,5,231,4,12,1,2,30:39
2013,14,CRD,Sun,December 8,boxscore,W,,,St. Louis Rams,30,10,27,32,262,1,0,1,7,8.4,7.9,84.4,111.2,32,107,3.3,2,0,2,4,4,4,189,8,14,0,0,35:07
2013,15,CRD,Sun,December 15,boxscore,W,OT,@,Tennessee Titans,37,34,20,30,215,1,0,2,16,7.7,6.7,66.7,98.6,36,145,4.0,2,3,3,4,4,4,212,6,12,0,0,30:58
2013,16,CRD,Sun,December 22,boxscore,W,,@,Seattle Seahawks,17,10,13,25,168,1,4,2,10,7.1,6.2,52.0,47.2,43,139,3.2,0,3,3,0,0,5,244,6,19,0,0,37:24
2013,17,CRD,Sun,December 29,boxscore,L,,,San Francisco 49ers,20,23,28,49,399,2,1,1,8,8.3,8.0,57.1,88.7,22,83,3.8,0,2,4,2,2,3,148,4,15,3,4,32:20
2013,1,ATL,Sun,September 8,boxscore,L,,@,New Orleans Saints,17,23,25,38,279,2,1,3,25,8.0,6.8,65.8,94.1,14,88,6.3,0,1,1,2,2,6,281,3,11,0,1,24:49
2013,2,ATL,Sun,September 15,boxscore,W,,,St. Louis Rams,31,24,33,43,357,2,0,2,17,8.7,7.9,76.7,116.1,16,36,2.3,1,1,1,4,4,6,318,7,13,0,0,30:17
2013,3,ATL,Sun,September 22,boxscore,L,,@,Miami Dolphins,23,27,23,38,231,2,1,0,0,6.1,6.1,60.5,84.4,30,146,4.9,0,3,4,2,2,2,66,5,11,0,0,37:09
2013,4,ATL,Sun,September 29,boxscore,L,,,New England Patriots,23,30,34,54,399,2,1,2,22,7.8,7.1,63.0,90.0,15,58,3.9,0,3,3,2,2,3,137,6,14,0,2,29:21
2013,5,ATL,Mon,October 7,boxscore,L,,,New York Jets,28,30,37,46,299,2,0,2,12,6.8,6.2,80.4,108.2,22,64,2.9,2,0,0,4,4,3,99,6,12,1,2,35:27
2013,7,ATL,Sun,October 20,boxscore,W,,,Tampa Bay Buccaneers,31,23,20,26,273,3,0,0,0,10.5,10.5,76.9,148.4,18,18,1.0,0,1,1,4,4,4,192,3,9,0,0,22:11
2013,8,ATL,Sun,October 27,boxscore,L,,@,Arizona Cardinals,13,27,34,61,265,1,4,4,36,4.9,4.1,55.7,44.8,14,27,1.9,0,2,2,1,1,4,183,8,20,1,2,34:19
2013,9,ATL,Sun,November 3,boxscore,L,,@,Carolina Panthers,10,34,20,27,211,1,3,1,8,8.1,7.5,74.1,69.1,20,78,3.9,0,1,1,1,1,5,225,4,10,0,0,23:29
2013,10,ATL,Sun,November 10,boxscore,L,,,Seattle Seahawks,10,33,23,36,162,1,0,2,10,4.8,4.3,63.9,83.3,16,64,4.0,0,1,1,1,1,5,267,4,12,1,1,24:30
2013,11,ATL,Sun,November 17,boxscore,L,,@,Tampa Bay Buccaneers,28,41,24,43,268,2,2,3,20,6.7,5.8,55.8,70.7,20,152,7.6,1,2,2,2,2,2,24,1,7,1,2,26:46
2013,12,ATL,Thu,November 21,boxscore,L,,,New Orleans Saints,13,17,30,39,264,0,0,5,28,7.5,6.0,76.9,94.4,22,91,4.1,1,2,3,1,1,3,136,6,12,0,0,33:46
2013,13,ATL,Sun,December 1,boxscore,W,OT,@,Buffalo Bills,34,31,28,47,272,1,0,6,39,6.6,5.1,59.6,82.9,30,151,5.0,3,2,2,4,4,7,278,10,18,0,0,38:09
2013,14,ATL,Sun,December 8,boxscore,L,,@,Green Bay Packers,21,22,20,35,202,2,1,1,4,5.9,5.6,57.1,80.9,23,83,3.6,0,0,1,3,3,4,178,6,13,0,1,26:28
2013,15,ATL,Sun,December 15,boxscore,W,,,Washington Redskins,27,26,29,38,189,1,1,3,21,5.5,4.6,76.3,84.2,21,54,2.6,2,2,2,3,3,6,296,5,14,0,1,33:52
2013,16,ATL,Mon,December 23,boxscore,L,,@,San Francisco 49ers,24,34,37,48,341,2,2,1,7,7.3,7.0,77.1,92.4,20,61,3.1,1,1,1,3,3,5,244,8,15,1,1,30:28
2013,17,ATL,Sun,December 29,boxscore,L,,,Carolina Panthers,20,21,28,40,231,2,1,9,49,7.0,4.7,70.0,90.7,20,76,3.8,0,2,2,2,2,5,242,7,16,1,1,34:26
2013,1,RAV,Thu,September 5,boxscore,L,,@,Denver Broncos,27,49,34,62,335,2,2,4,27,5.8,5.1,54.8,67.6,21,58,2.8,1,2,2,3,3,10,456,8,22,0,1,33:48
2013,2,RAV,Sun,September 15,boxscore,W,,,Cleveland Browns,14,6,22,33,197,1,0,2,14,6.4,5.6,66.7,92.6,36,99,2.8,1,0,2,2,2,6,291,8,16,0,0,30:35
2013,3,RAV,Sun,September 22,boxscore,W,,,Houston Texans,30,9,16,24,161,0,0,2,10,7.1,6.2,66.7,85.6,31,75,2.4,1,3,3,3,3,4,194,8,16,0,0,29:24
2013,4,RAV,Sun,September 29,boxscore,L,,@,Buffalo Bills,20,23,25,50,321,2,5,4,26,6.9,5.9,50.0,44.2,9,24,2.7,0,2,2,2,2,7,331,3,16,1,1,23:34
2013,5,RAV,Sun,October 6,boxscore,W,,@,Miami Dolphins,26,23,19,32,251,0,1,2,18,8.4,7.4,59.4,71.2,40,133,3.3,2,4,4,2,2,5,171,6,16,0,0,36:16
2013,6,RAV,Sun,October 13,boxscore,L,,,Green Bay Packers,17,19,20,34,313,2,0,5,29,10.1,8.0,58.8,109.1,22,47,2.1,0,1,1,2,2,9,375,2,14,1,2,28:38
2013,7,RAV,Sun,October 20,boxscore,L,,@,Pittsburgh Steelers,16,19,24,34,205,1,0,1,10,6.3,5.9,70.6,95.8,26,82,3.2,0,3,3,1,1,3,126,7,14,1,1,28:59
2013,9,RAV,Sun,November 3,boxscore,L,,@,Cleveland Browns,18,24,24,41,223,2,1,5,27,6.1,4.8,58.5,79.6,21,55,2.6,0,1,1,1,1,7,298,7,16,1,1,29:10
2013,10,RAV,Sun,November 10,boxscore,W,OT,,Cincinnati Bengals,20,17,20,36,104,2,2,5,36,3.9,2.5,55.6,56.2,30,85,2.8,0,2,2,2,2,8,355,3,16,0,0,31:35
2013,11,RAV,Sun,November 17,boxscore,L,OT,@,Chicago Bears,20,23,17,31,143,1,2,3,19,5.2,4.2,54.8,50.9,41,174,4.2,1,2,2,2,2,4,177,8,18,1,2,35:41
2013,12,RAV,Sun,November 24,boxscore,W,,,New York Jets,19,3,17,27,245,1,1,4,28,10.1,7.9,63.0,89.3,31,67,2.2,0,4,4,1,1,6,273,3,13,0,0,34:05
2013,13,RAV,Thu,November 28,boxscore,W,,,Pittsburgh Steelers,22,20,24,35,237,1,0,2,14,7.2,6.4,68.6,97.0,25,74,3.0,0,5,5,1,1,1,26,10,17,0,0,29:56
2013,14,RAV,Sun,December 8,boxscore,W,,,Minnesota Vikings,29,26,28,50,228,3,3,2,17,4.9,4.4,56.0,62.7,27,97,3.6,0,0,0,3,3,6,328,6,16,1,3,32:12
2013,15,RAV,Mon,December 16,boxscore,W,,@,Detroit Lions,18,16,20,38,215,0,0,1,7,5.8,5.5,52.6,69.5,21,90,4.3,0,6,6,0,0,5,240,4,14,0,0,27:35
2013,16,RAV,Sun,December 22,boxscore,L,,,New England Patriots,7,41,23,42,237,0,3,4,25,6.2,5.2,54.8,41.5,28,121,4.3,1,0,1,1,1,4,212,5,14,0,3,28:02
2013,17,RAV,Sun,December 29,boxscore,L,,@,Cincinnati Bengals,17,34,30,50,175,1,3,2,17,3.8,3.4,60.0,48.3,14,47,3.4,0,3,3,0,0,6,285,4,15,0,2,26:03
2013,1,BUF,Sun,September 8,boxscore,L,,,New England Patriots,21,23,18,27,150,2,0,0,0,5.6,5.6,66.7,105.5,34,136,4.0,0,0,0,3,3,9,412,4,13,0,0,22:17
2013,2,BUF,Sun,September 15,boxscore,W,,,Carolina Panthers,24,23,27,39,287,1,1,1,9,7.6,7.2,69.2,88.3,33,149,4.5,1,3,4,1,1,3,134,6,14,0,0,26:19
2013,3,BUF,Sun,September 22,boxscore,L,,@,New York Jets,20,27,19,42,208,1,0,8,35,5.8,4.2,45.2,68.4,25,120,4.8,0,4,4,0,0,7,357,4,18,0,2,25:47
2013,4,BUF,Sun,September 29,boxscore,W,,,Baltimore Ravens,23,20,10,22,147,1,2,2,20,7.6,6.1,45.5,45.1,55,203,3.7,1,3,3,2,2,8,346,5,18,0,0,36:26
2013,5,BUF,Thu,October 3,boxscore,L,,@,Cleveland Browns,24,37,19,40,188,0,1,4,21,5.2,4.3,47.5,50.8,31,155,5.0,3,1,1,3,3,8,364,5,16,1,2,27:37
2013,6,BUF,Sun,October 13,boxscore,L,OT,,Cincinnati Bengals,24,27,19,32,192,2,0,5,24,6.8,5.2,59.4,97.4,32,130,4.1,1,1,1,3,3,5,244,8,17,1,2,25:24
2013,7,BUF,Sun,October 20,boxscore,W,,@,Miami Dolphins,23,21,21,32,178,0,1,4,24,6.3,4.9,65.6,66.9,30,90,3.0,1,3,3,2,2,7,318,9,19,0,0,30:12
2013,8,BUF,Sun,October 27,boxscore,L,,@,New Orleans Saints,17,35,22,39,211,1,1,4,23,6.0,4.9,56.4,69.5,25,88,3.5,1,1,2,2,2,3,137,5,13,0,1,27:30
2013,9,BUF,Sun,November 3,boxscore,L,,,Kansas City Chiefs,13,23,18,39,229,1,2,0,0,5.9,5.9,46.2,52.2,38,241,6.3,0,2,2,1,1,3,108,4,13,0,2,30:14
2013,10,BUF,Sun,November 10,boxscore,L,,@,Pittsburgh Steelers,10,23,22,39,132,1,1,3,23,4.0,3.1,56.4,61.1,22,95,4.3,0,1,1,1,1,9,332,3,14,1,1,24:44
2013,11,BUF,Sun,November 17,boxscore,W,,,New York Jets,37,14,20,28,245,2,0,1,0,8.8,8.4,71.4,121.9,38,68,1.8,1,3,3,4,4,6,200,8,19,1,1,33:42
2013,13,BUF,Sun,December 1,boxscore,L,OT,,Atlanta Falcons,31,34,18,32,210,1,0,0,0,6.6,6.6,56.3,86.7,31,195,6.3,3,1,1,4,4,7,299,5,14,0,0,24:51
2013,14,BUF,Sun,December 8,boxscore,L,,@,Tampa Bay Buccaneers,6,27,18,33,147,0,4,7,37,5.6,3.7,54.5,26.5,22,67,3.0,0,2,2,0,0,7,306,1,11,0,0,28:10
2013,15,BUF,Sun,December 15,boxscore,W,,@,Jacksonville Jaguars,27,20,17,24,168,2,1,4,25,8.0,6.0,70.8,100.7,44,198,4.5,1,2,3,3,3,4,180,5,13,0,0,32:35
2013,16,BUF,Sun,December 22,boxscore,W,,,Miami Dolphins,19,0,15,25,187,0,1,1,6,7.7,7.2,60.0,66.6,51,203,4.0,1,4,4,1,1,6,218,7,19,0,0,36:31
2013,17,BUF,Sun,December 29,boxscore,L,,@,New England Patriots,20,34,16,29,224,1,0,4,23,8.5,6.8,55.2,91.7,35,169,4.8,1,2,2,2,2,4,169,4,13,0,3,27:13
2013,1,CAR,Sun,September 8,boxscore,L,,,Seattle Seahawks,7,12,16,23,119,1,0,1,6,5.4,5.0,69.6,96.1,26,134,5.2,0,0,0,1,1,5,239,5,11,0,0,29:46
2013,2,CAR,Sun,September 15,boxscore,L,,@,Buffalo Bills,23,24,21,38,183,2,1,6,46,6.0,4.2,55.3,74.8,32,125,3.9,0,3,3,2,2,5,257,7,16,0,0,33:41
2013,3,CAR,Sun,September 22,boxscore,W,,,New York Giants,38,0,15,27,208,3,1,1,15,8.3,7.4,55.6,102.1,46,194,4.2,2,1,1,5,5,2,97,8,14,1,2,36:47
2013,5,CAR,Sun,October 6,boxscore,L,,@,Arizona Cardinals,6,22,21,39,258,0,3,7,50,7.9,5.6,53.8,42.5,20,95,4.8,0,2,2,0,0,4,195,5,12,0,1,31:04
2013,6,CAR,Sun,October 13,boxscore,W,,@,Minnesota Vikings,35,10,20,26,236,3,0,1,6,9.3,8.7,76.9,142.5,39,131,3.4,2,0,0,5,5,3,99,7,12,2,2,36:27
2013,7,CAR,Sun,October 20,boxscore,W,,,St. Louis Rams,30,15,15,17,180,1,0,2,24,12.0,9.5,88.2,130.4,38,102,2.7,1,3,3,3,3,3,154,2,9,0,0,33:20
2013,8,CAR,Thu,October 24,boxscore,W,,@,Tampa Bay Buccaneers,31,13,23,32,195,2,0,3,26,6.9,5.6,71.9,108.2,27,129,4.8,2,1,1,4,4,5,216,5,12,1,1,34:33
2013,9,CAR,Sun,November 3,boxscore,W,,,Atlanta Falcons,34,10,23,37,242,1,2,1,7,6.7,6.4,62.2,67.6,33,131,4.0,2,2,2,4,4,3,128,8,14,1,1,36:31
2013,10,CAR,Sun,November 10,boxscore,W,,@,San Francisco 49ers,10,9,16,32,141,0,1,3,28,5.3,4.0,50.0,49.1,31,109,3.5,1,1,2,1,1,7,320,7,17,0,0,32:03
2013,11,CAR,Mon,November 18,boxscore,W,,,New England Patriots,24,20,19,28,197,3,0,3,12,7.5,6.4,67.9,123.7,23,103,4.5,0,1,1,3,3,2,87,8,11,0,0,29:14
2013,12,CAR,Sun,November 24,boxscore,W,,@,Miami Dolphins,20,16,19,38,159,1,1,3,15,4.6,3.9,50.0,59.0,28,136,4.9,1,2,3,2,2,7,397,6,17,2,2,30:12
2013,13,CAR,Sun,December 1,boxscore,W,,,Tampa Bay Buccaneers,27,6,18,29,263,2,2,0,0,9.1,9.1,62.1,85.8,34,163,4.8,1,2,2,3,3,3,138,5,13,2,2,34:25
2013,14,CAR,Sun,December 8,boxscore,L,,@,New Orleans Saints,13,31,22,34,111,1,0,5,49,4.7,2.8,64.7,79.4,23,128,5.6,0,2,3,1,1,5,227,6,15,1,1,32:27
2013,15,CAR,Sun,December 15,boxscore,W,,,New York Jets,30,20,16,24,261,1,0,2,12,11.4,10.0,66.7,116.8,36,131,3.6,1,3,3,3,3,2,92,5,11,0,1,33:01
2013,16,CAR,Sun,December 22,boxscore,W,,,New Orleans Saints,17,13,13,22,141,1,1,4,40,8.2,5.4,59.1,74.2,18,81,4.5,1,1,1,2,2,8,406,0,9,0,0,21:12
2013,17,CAR,Sun,December 29,boxscore,W,,@,Atlanta Falcons,21,20,15,27,149,2,1,1,0,5.5,5.3,55.6,80.6,29,134,4.6,0,0,0,3,3,6,292,7,15,0,0,25:34
2013,19,CAR,Sun,January 12,boxscore,L,,,San Francisco 49ers,10,23,16,25,232,1,2,5,35,10.7,7.7,64.0,74.1,24,93,3.9,0,1,1,1,1,2,84,6,10,0,1,30:05
2013,1,CHI,Sun,September 8,boxscore,W,,,Cincinnati Bengals,24,21,21,33,242,2,1,0,0,7.3,7.3,63.6,93.2,28,81,2.9,1,1,1,3,3,5,232,6,14,1,1,31:30
2013,2,CHI,Sun,September 15,boxscore,W,,,Minnesota Vikings,31,30,27,38,284,3,2,1,8,7.7,7.3,71.1,96.8,27,127,4.7,0,1,1,4,4,3,111,7,12,0,0,30:34
2013,3,CHI,Sun,September 22,boxscore,W,,@,Pittsburgh Steelers,40,23,20,30,151,1,0,2,8,5.3,4.7,66.7,89.7,28,107,3.8,2,2,2,4,5,6,282,5,15,1,1,31:36
2013,4,CHI,Sun,September 29,boxscore,L,,@,Detroit Lions,32,40,27,47,286,2,3,3,31,6.7,5.7,57.4,62.9,16,131,8.2,1,3,3,1,1,5,201,1,13,2,2,28:11
2013,5,CHI,Sun,October 6,boxscore,L,,,New Orleans Saints,18,26,24,33,340,2,0,3,18,10.8,9.4,72.7,125.8,18,94,5.2,0,1,1,1,1,4,181,4,10,0,1,24:00
2013,6,CHI,Thu,October 10,boxscore,W,,,New York Giants,27,21,24,36,262,2,0,0,0,7.3,7.3,66.7,106.5,29,110,3.8,0,2,2,3,3,3,110,5,11,0,1,32:55
2013,7,CHI,Sun,October 20,boxscore,L,,@,Washington Redskins,41,45,17,28,219,1,1,2,13,8.3,7.3,60.7,82.3,22,140,6.4,3,2,3,5,5,3,147,2,8,0,0,26:04
2013,9,CHI,Mon,November 4,boxscore,W,,@,Green Bay Packers,27,20,22,41,271,2,0,1,1,6.6,6.5,53.7,90.6,33,171,5.2,1,2,2,3,3,6,210,6,14,1,1,33:09
2013,10,CHI,Sun,November 10,boxscore,L,,,Detroit Lions,19,21,27,49,300,2,1,2,12,6.4,5.9,55.1,78.6,20,38,1.9,0,2,2,1,1,5,213,7,17,1,2,31:35
2013,11,CHI,Sun,November 17,boxscore,W,OT,,Baltimore Ravens,23,20,19,31,215,1,0,2,1,7.0,6.5,61.3,92.8,26,104,4.0,0,3,3,2,2,6,232,5,13,0,0,30:38
2013,12,CHI,Sun,November 24,boxscore,L,,@,St. Louis Rams,21,42,36,47,344,2,1,1,8,7.5,7.2,76.6,101.7,26,80,3.1,1,0,0,3,3,3,121,6,10,0,1,36:09
2013,13,CHI,Sun,December 1,boxscore,L,OT,@,Minnesota Vikings,20,23,23,36,345,2,0,4,10,9.9,8.6,63.9,113.8,25,135,5.4,0,2,4,2,2,7,249,2,11,0,0,34:08
2013,14,CHI,Mon,December 9,boxscore,W,,,Dallas Cowboys,45,28,27,36,341,4,0,1,7,9.7,9.2,75.0,141.1,32,149,4.7,1,3,3,4,4,0,0,8,11,0,0,36:44
2013,15,CHI,Sun,December 15,boxscore,W,,@,Cleveland Browns,38,31,22,31,261,3,2,2,4,8.5,7.9,71.0,101.7,31,179,5.8,1,1,1,5,5,3,110,9,14,0,0,34:48
2013,16,CHI,Sun,December 22,boxscore,L,,@,Philadelphia Eagles,11,54,22,39,196,1,1,5,46,6.2,4.5,56.4,67.9,19,61,3.2,0,1,1,0,0,6,227,5,14,2,3,29:40
2013,17,CHI,Sun,December 29,boxscore,L,,,Green Bay Packers,28,33,15,24,224,2,1,1,2,9.4,9.0,62.5,103.5,24,121,5.0,2,0,0,4,4,4,137,5,10,0,0,24:51
2013,1,CIN,Sun,September 8,boxscore,L,,@,Chicago Bears,21,24,26,33,277,2,2,1,5,8.5,8.1,78.8,96.6,21,63,3.0,1,0,0,3,3,4,193,7,11,0,0,28:30
2013,2,CIN,Mon,September 16,boxscore,W,,,Pittsburgh Steelers,20,10,25,45,280,1,0,0,0,6.2,6.2,55.6,81.7,34,127,3.7,1,2,2,2,2,7,326,7,17,0,1,35:34
2013,3,CIN,Sun,September 22,boxscore,W,,,Green Bay Packers,34,30,20,28,215,2,1,4,20,8.4,6.7,71.4,102.5,24,82,3.4,2,0,1,4,5,3,131,4,11,0,0,28:09
2013,4,CIN,Sun,September 29,boxscore,L,,@,Cleveland Browns,6,17,23,42,203,0,1,2,3,4.9,4.6,54.8,57.9,20,63,3.2,0,2,2,0,0,4,155,4,14,1,3,28:51
2013,5,CIN,Sun,October 6,boxscore,W,,,New England Patriots,13,6,20,27,179,0,1,4,33,7.9,5.8,74.1,76.0,39,162,4.2,1,2,2,1,1,6,275,6,15,1,1,34:16
2013,6,CIN,Sun,October 13,boxscore,W,OT,@,Buffalo Bills,27,24,26,40,318,3,1,3,19,8.4,7.4,65.0,104.0,41,165,4.0,0,2,3,3,3,5,206,7,18,1,1,42:52
2013,7,CIN,Sun,October 20,boxscore,W,,@,Detroit Lions,27,24,24,34,364,3,0,1,8,10.9,10.4,70.6,134.9,18,57,3.2,0,2,3,3,3,4,189,4,10,0,0,25:29
2013,8,CIN,Sun,October 27,boxscore,W,,,New York Jets,49,9,19,30,323,5,1,1,2,10.8,10.4,63.3,125.4,25,79,3.2,0,0,0,7,7,3,161,6,11,0,1,26:43
2013,9,CIN,Thu,October 31,boxscore,L,OT,@,Miami Dolphins,20,22,32,53,302,0,3,5,36,6.4,5.2,60.4,52.6,35,163,4.7,2,2,2,2,2,4,154,10,20,1,1,40:02
2013,10,CIN,Sun,November 10,boxscore,L,OT,@,Baltimore Ravens,17,20,24,51,244,2,3,5,30,5.4,4.4,47.1,49.8,31,120,3.9,0,1,2,2,2,6,223,5,19,3,5,37:58
2013,11,CIN,Sun,November 17,boxscore,W,,,Cleveland Browns,41,20,14,28,118,3,2,0,0,4.2,4.2,50.0,67.3,31,106,3.4,0,2,2,5,5,9,408,1,14,0,0,27:36
2013,13,CIN,Sun,December 1,boxscore,W,,@,San Diego Chargers,17,10,14,23,190,1,1,0,0,8.3,8.3,60.9,83.6,38,164,4.3,1,1,1,2,2,4,222,6,12,0,0,29:40
2013,14,CIN,Sun,December 8,boxscore,W,,,Indianapolis Colts,42,28,24,35,275,3,0,0,0,7.9,7.9,68.6,120.5,35,155,4.4,3,0,0,6,6,5,253,6,12,1,1,37:45
2013,15,CIN,Sun,December 15,boxscore,L,,@,Pittsburgh Steelers,20,30,25,44,222,2,0,1,8,5.2,4.9,56.8,85.6,22,57,2.6,1,0,0,2,2,4,166,4,14,3,5,28:24
2013,16,CIN,Sun,December 22,boxscore,W,,,Minnesota Vikings,42,14,27,38,345,4,0,2,18,9.6,8.6,71.1,134.2,37,81,2.2,1,0,0,6,6,4,160,8,14,1,2,39:32
2013,17,CIN,Sun,December 29,boxscore,W,,,Baltimore Ravens,34,17,21,36,281,2,4,0,0,7.8,7.8,58.3,62.2,30,111,3.7,1,2,2,4,4,3,108,7,13,0,0,33:57
2013,18,CIN,Sun,January 5,boxscore,L,,,San Diego Chargers,10,27,29,51,326,1,2,3,8,6.5,6.0,56.9,66.3,25,113,4.5,0,1,1,1,1,3,118,3,12,1,3,30:32
2013,1,CLE,Sun,September 8,boxscore,L,,,Miami Dolphins,10,23,26,53,244,1,3,6,45,5.5,4.1,49.1,44.9,13,47,3.6,0,1,1,1,1,5,225,1,14,2,4,27:13
2013,2,CLE,Sun,September 15,boxscore,L,,@,Baltimore Ravens,6,14,22,37,194,0,0,5,39,6.3,4.6,59.5,73.5,20,65,3.3,0,2,2,0,0,8,336,4,15,0,2,29:25
2013,3,CLE,Sun,September 22,boxscore,W,,@,Minnesota Vikings,31,27,31,55,306,4,3,3,26,6.0,5.3,56.4,73.7,17,103,6.1,0,1,1,4,4,5,234,6,15,2,3,28:52
2013,4,CLE,Sun,September 29,boxscore,W,,,Cincinnati Bengals,17,6,25,38,247,2,0,3,22,7.1,6.0,65.8,101.5,30,89,3.0,0,1,3,2,2,5,214,9,18,0,0,31:09
2013,5,CLE,Thu,October 3,boxscore,W,,,Buffalo Bills,37,24,15,28,199,1,0,5,23,7.9,6.0,53.6,88.2,32,91,2.8,1,3,3,4,4,6,276,7,17,0,0,32:23
2013,6,CLE,Sun,October 13,boxscore,L,,,Detroit Lions,17,31,26,43,269,2,2,2,23,6.8,6.0,60.5,74.7,21,126,6.0,0,1,1,2,2,6,284,5,14,1,1,26:31
2013,7,CLE,Sun,October 20,boxscore,L,,@,Green Bay Packers,13,31,17,42,133,1,1,3,16,3.5,3.0,40.5,47.0,23,83,3.6,0,2,2,1,1,3,133,7,18,2,5,26:38
2013,8,CLE,Sun,October 27,boxscore,L,,@,Kansas City Chiefs,17,23,22,36,283,2,0,1,10,8.1,7.6,61.1,104.3,15,57,3.8,0,1,1,2,2,6,280,3,12,1,2,23:55
2013,9,CLE,Sun,November 3,boxscore,W,,,Baltimore Ravens,24,18,24,37,242,3,0,2,18,7.0,6.2,64.9,110.4,29,73,2.5,0,1,1,3,3,7,337,4,15,2,2,30:50
2013,11,CLE,Sun,November 17,boxscore,L,,@,Cincinnati Bengals,20,41,27,56,228,1,3,4,20,4.4,3.8,48.2,42.9,19,102,5.4,0,2,2,2,2,7,231,4,18,1,4,32:24
2013,12,CLE,Sun,November 24,boxscore,L,,,Pittsburgh Steelers,11,27,27,52,312,1,1,5,21,6.4,5.5,51.9,68.7,16,55,3.4,0,1,2,0,0,5,195,6,17,1,2,26:21
2013,13,CLE,Sun,December 1,boxscore,L,,,Jacksonville Jaguars,28,32,24,40,342,3,2,3,28,9.3,8.0,60.0,91.9,30,97,3.2,1,0,1,4,4,4,158,6,13,1,1,29:24
2013,14,CLE,Sun,December 8,boxscore,L,,@,New England Patriots,26,27,29,44,386,3,0,1,5,8.9,8.6,65.9,116.3,25,108,4.3,0,2,3,2,2,6,259,7,15,0,0,31:40
2013,15,CLE,Sun,December 15,boxscore,L,,,Chicago Bears,31,38,23,39,273,1,2,0,0,7.0,7.0,59.0,67.6,17,93,5.5,1,1,1,4,4,5,211,3,9,0,0,25:12
2013,16,CLE,Sun,December 22,boxscore,L,,@,New York Jets,13,24,18,40,168,0,2,3,10,4.5,3.9,45.0,36.2,21,115,5.5,1,2,2,1,1,3,148,5,12,1,2,27:17
2013,17,CLE,Sun,December 29,boxscore,L,,@,Pittsburgh Steelers,7,20,23,41,214,1,1,3,26,5.9,4.9,56.1,68.5,20,79,4.0,0,0,0,1,1,5,192,6,15,0,3,29:43
2013,1,DAL,Sun,September 8,boxscore,W,,,New York Giants,36,31,36,49,244,2,1,2,19,5.4,4.8,73.5,89.2,23,87,3.8,0,3,3,3,3,6,275,5,15,0,0,37:10
2013,2,DAL,Sun,September 15,boxscore,L,,@,Kansas City Chiefs,16,17,30,42,281,1,0,3,17,7.1,6.2,71.4,97.4,16,37,2.3,0,3,3,1,1,4,200,3,11,0,0,31:47
2013,3,DAL,Sun,September 22,boxscore,W,,,St. Louis Rams,31,7,17,24,203,3,0,1,7,8.8,8.1,70.8,135.9,34,193,5.7,1,1,2,4,4,4,195,5,11,0,0,33:28
2013,4,DAL,Sun,September 29,boxscore,L,,@,San Diego Chargers,21,30,27,37,227,2,0,3,19,6.6,5.7,73.0,106.5,16,92,5.8,0,0,1,3,3,5,203,3,9,0,0,25:57
2013,5,DAL,Sun,October 6,boxscore,L,,,Denver Broncos,48,51,25,36,470,5,1,4,36,14.1,11.8,69.4,140.0,14,52,3.7,1,2,2,4,4,1,51,4,6,0,0,27:26
2013,6,DAL,Sun,October 13,boxscore,W,,,Washington Redskins,31,16,18,30,165,1,1,1,5,5.7,5.3,60.0,72.2,19,48,2.5,2,1,1,4,4,5,226,5,12,0,0,25:28
2013,7,DAL,Sun,October 20,boxscore,W,,@,Philadelphia Eagles,17,3,28,47,294,1,2,2,23,6.7,6.0,59.6,67.2,26,74,2.8,1,1,1,2,2,9,347,5,16,0,0,36:13
2013,8,DAL,Sun,October 27,boxscore,L,,@,Detroit Lions,30,31,14,30,206,3,0,0,0,6.9,6.9,46.7,102.9,26,62,2.4,0,3,3,3,3,7,313,3,13,0,0,24:49
2013,9,DAL,Sun,November 3,boxscore,W,,,Minnesota Vikings,27,23,34,51,314,2,1,3,23,6.6,5.8,66.7,88.2,9,36,4.0,0,2,2,3,3,5,222,5,14,0,0,28:33
2013,10,DAL,Sun,November 10,boxscore,L,,@,New Orleans Saints,17,49,10,24,104,1,0,3,24,5.3,3.9,41.7,68.7,16,89,5.6,1,1,1,2,2,8,403,0,9,0,0,20:28
2013,12,DAL,Sun,November 24,boxscore,W,,@,New York Giants,24,21,23,38,204,2,1,4,30,6.2,4.9,60.5,81.5,20,107,5.4,0,1,1,3,3,7,313,4,11,0,0,29:21
2013,13,DAL,Thu,November 28,boxscore,W,,,Oakland Raiders,31,24,23,32,208,1,0,2,17,7.0,6.1,71.9,99.5,30,144,4.8,3,1,1,4,4,5,238,7,13,0,0,32:19
2013,14,DAL,Mon,December 9,boxscore,L,,@,Chicago Bears,28,45,14,25,130,3,0,2,14,5.8,4.8,56.0,110.0,28,198,7.1,1,0,0,4,4,3,112,5,10,1,2,23:16
2013,15,DAL,Sun,December 15,boxscore,L,,,Green Bay Packers,36,37,29,48,332,2,2,3,26,7.5,6.5,60.4,77.8,18,134,7.4,1,5,5,3,3,2,103,2,9,0,0,31:42
2013,16,DAL,Sun,December 22,boxscore,W,,@,Washington Redskins,24,23,17,27,214,2,1,2,12,8.4,7.4,63.0,96.8,23,95,4.1,1,1,1,3,3,3,155,4,10,2,2,26:13
2013,17,DAL,Sun,December 29,boxscore,L,,,Philadelphia Eagles,22,24,30,46,358,2,2,0,0,7.8,7.8,65.2,85.2,18,56,3.1,0,3,3,1,1,3,111,3,11,1,2,30:17
2013,1,DEN,Thu,September 5,boxscore,W,,,Baltimore Ravens,49,27,27,42,445,7,0,3,17,11.0,9.9,64.3,139.4,23,65,2.8,0,0,0,7,7,7,319,8,15,0,0,26:12
2013,2,DEN,Sun,September 15,boxscore,W,,@,New York Giants,41,23,30,43,307,2,0,0,0,7.1,7.1,69.8,105.5,29,107,3.7,2,2,2,5,5,5,210,8,15,0,0,28:02
2013,3,DEN,Mon,September 23,boxscore,W,,,Oakland Raiders,37,21,32,37,372,3,0,1,2,10.1,9.8,86.5,135.6,35,164,4.7,1,3,3,4,4,1,37,5,9,0,0,35:24
2013,4,DEN,Sun,September 29,boxscore,W,,,Philadelphia Eagles,52,20,30,37,331,4,0,1,6,9.1,8.7,81.1,140.0,33,141,4.3,1,1,1,7,7,2,92,5,8,0,0,33:22
2013,5,DEN,Sun,October 6,boxscore,W,,@,Dallas Cowboys,51,48,33,42,414,4,1,0,0,9.9,9.9,78.6,129.6,31,103,3.3,2,3,3,6,6,0,0,9,13,0,0,32:34
2013,6,DEN,Sun,October 13,boxscore,W,,,Jacksonville Jaguars,35,19,28,42,295,2,1,0,0,7.0,7.0,66.7,92.9,29,112,3.9,3,0,0,5,5,3,129,7,13,1,1,28:45
2013,7,DEN,Sun,October 20,boxscore,L,,@,Indianapolis Colts,33,39,29,49,365,3,1,4,21,7.9,6.9,59.2,94.3,20,64,3.2,1,2,2,3,3,7,331,5,16,1,1,28:13
2013,8,DEN,Sun,October 27,boxscore,W,,,Washington Redskins,45,21,30,44,339,4,3,2,15,8.0,7.4,68.2,92.9,34,107,3.1,1,1,1,6,6,3,147,4,12,2,2,32:00
2013,10,DEN,Sun,November 10,boxscore,W,,@,San Diego Chargers,28,20,25,36,313,4,0,2,17,9.2,8.2,69.4,133.2,22,84,3.8,0,0,0,4,4,5,233,3,8,0,0,21:57
2013,11,DEN,Sun,November 17,boxscore,W,,,Kansas City Chiefs,27,17,24,40,323,1,0,0,0,8.1,8.1,60.0,94.1,36,104,2.9,2,2,3,3,3,6,275,6,16,0,0,29:53
2013,12,DEN,Sun,November 24,boxscore,L,OT,@,New England Patriots,31,34,19,36,132,2,1,2,18,4.2,3.5,52.8,68.3,48,280,5.8,1,1,1,4,4,8,325,9,18,0,0,38:58
2013,13,DEN,Sun,December 1,boxscore,W,,@,Kansas City Chiefs,35,28,22,35,403,5,2,0,0,11.5,11.5,62.9,118.2,31,132,4.3,0,0,0,5,5,3,132,8,14,0,0,28:04
2013,14,DEN,Sun,December 8,boxscore,W,,,Tennessee Titans,51,28,39,59,397,4,0,0,0,6.7,6.7,66.1,107.8,32,154,4.8,2,3,3,6,6,2,65,5,13,3,3,39:20
2013,15,DEN,Thu,December 12,boxscore,L,,,San Diego Chargers,20,27,27,41,277,2,1,1,12,7.0,6.6,65.9,91.2,11,18,1.6,0,2,2,2,2,4,186,2,9,1,1,21:11
2013,16,DEN,Sun,December 22,boxscore,W,,@,Houston Texans,37,13,32,51,397,4,0,1,3,7.8,7.6,62.7,112.9,18,114,6.3,0,3,3,4,4,6,292,2,11,0,1,28:53
2013,17,DEN,Sun,December 29,boxscore,W,,@,Oakland Raiders,34,14,34,41,334,4,0,3,17,8.6,7.6,82.9,133.1,29,124,4.3,0,2,2,4,4,4,120,9,15,0,0,35:29
2013,19,DEN,Sun,January 12,boxscore,W,,,San Diego Chargers,24,17,25,36,230,2,1,0,0,6.4,6.4,69.4,93.5,34,133,3.9,1,1,2,3,3,0,0,9,13,0,0,35:27
2013,20,DEN,Sun,January 19,boxscore,W,,,New England Patriots,26,16,32,43,400,2,0,0,0,9.3,9.3,74.4,118.4,28,107,3.8,0,4,4,2,2,1,48,7,13,1,1,35:44
2013,21,DEN,Sun,February 2,boxscore,L,,N,Seattle Seahawks,8,43,34,49,279,1,2,1,1,5.7,5.6,69.4,73.4,14,27,1.9,0,0,0,0,0,2,60,6,13,0,3,28:07
2013,1,DET,Sun,September 8,boxscore,W,,,Minnesota Vikings,34,24,28,43,357,2,1,0,0,8.3,8.3,65.1,96.8,34,112,3.3,2,2,2,4,4,4,152,5,13,0,1,36:19
2013,2,DET,Sun,September 15,boxscore,L,,@,Arizona Cardinals,21,25,24,36,273,2,0,1,5,7.7,7.4,66.7,107.8,20,49,2.5,0,0,2,3,3,5,261,3,11,0,1,28:41
2013,3,DET,Sun,September 22,boxscore,W,,@,Washington Redskins,27,20,25,42,378,2,1,1,7,9.2,8.8,59.5,95.1,23,63,2.7,1,2,2,3,3,6,315,4,13,1,1,28:48
2013,4,DET,Sun,September 29,boxscore,W,,,Chicago Bears,40,32,23,35,228,1,1,1,14,6.9,6.3,65.7,81.6,30,159,5.3,2,4,4,4,4,3,150,2,10,0,0,31:49
2013,5,DET,Sun,October 6,boxscore,L,,@,Green Bay Packers,9,22,25,40,222,1,0,5,40,6.6,4.9,62.5,85.6,19,64,3.4,0,1,1,0,0,6,311,7,15,0,1,27:41
2013,6,DET,Sun,October 13,boxscore,W,,@,Cleveland Browns,31,17,25,43,248,4,1,1,0,5.8,5.6,58.1,95.9,28,118,4.2,0,1,1,4,4,5,229,8,14,0,0,33:29
2013,7,DET,Sun,October 20,boxscore,L,,,Cincinnati Bengals,24,27,28,51,357,3,0,0,0,7.0,7.0,54.9,96.6,25,77,3.1,0,1,2,3,3,4,173,13,19,0,0,34:31
2013,8,DET,Sun,October 27,boxscore,W,,,Dallas Cowboys,31,30,33,48,480,1,2,1,8,10.2,9.8,68.8,90.6,29,143,4.9,3,1,1,4,4,4,203,3,11,1,2,35:11
2013,10,DET,Sun,November 10,boxscore,W,,@,Chicago Bears,21,19,18,35,219,3,1,0,0,6.3,6.3,51.4,87.7,26,145,5.6,0,0,1,3,3,4,178,5,12,0,1,28:25
2013,11,DET,Sun,November 17,boxscore,L,,@,Pittsburgh Steelers,27,37,19,46,344,2,1,2,18,7.9,7.2,41.3,73.1,25,107,4.3,1,2,2,3,3,3,152,6,16,1,4,27:44
2013,12,DET,Sun,November 24,boxscore,L,,,Tampa Bay Buccaneers,21,24,26,46,286,3,4,2,11,6.5,6.0,56.5,60.6,24,104,4.3,0,0,0,3,3,4,151,8,15,1,1,33:22
2013,13,DET,Thu,November 28,boxscore,W,,,Green Bay Packers,40,10,22,35,320,3,2,1,10,9.4,8.9,62.9,97.3,43,241,5.6,2,1,2,5,5,1,33,9,12,0,0,40:26
2013,14,DET,Sun,December 8,boxscore,L,,@,Philadelphia Eagles,20,34,10,25,151,0,0,0,0,6.0,6.0,40.0,60.6,33,80,2.4,1,0,0,0,1,6,236,5,15,1,2,28:33
2013,15,DET,Mon,December 16,boxscore,L,,,Baltimore Ravens,16,18,18,34,230,1,3,1,5,6.9,6.6,52.9,47.4,28,119,4.3,1,1,1,1,1,5,230,4,13,0,0,32:25
2013,16,DET,Sun,December 22,boxscore,L,OT,,New York Giants,20,23,25,42,207,0,2,2,15,5.3,4.7,59.5,52.4,36,148,4.1,2,1,1,1,1,6,270,8,17,0,0,37:45
2013,17,DET,Sun,December 29,boxscore,L,,@,Minnesota Vikings,13,14,22,33,182,1,0,5,35,6.6,4.8,66.7,90.7,22,63,2.9,0,2,2,1,1,7,355,5,15,0,0,32:37
2013,1,GNB,Sun,September 8,boxscore,L,,@,San Francisco 49ers,28,34,21,37,322,3,1,2,11,9.0,8.3,56.8,101.4,19,63,3.3,1,0,0,4,4,6,277,4,10,0,0,21:25
2013,2,GNB,Sun,September 15,boxscore,W,,,Washington Redskins,38,20,34,42,441,4,0,4,39,11.4,9.6,81.0,142.2,24,139,5.8,1,1,1,5,5,3,121,4,10,1,1,32:29
2013,3,GNB,Sun,September 22,boxscore,L,,@,Cincinnati Bengals,30,34,26,43,217,1,2,4,27,5.7,4.6,60.5,61.9,30,182,6.1,1,3,3,3,3,3,130,4,13,0,2,31:51
2013,5,GNB,Sun,October 6,boxscore,W,,,Detroit Lions,22,9,20,30,269,1,0,1,5,9.1,8.7,66.7,106.1,33,180,5.5,0,5,5,1,1,3,141,7,16,0,0,32:19
2013,6,GNB,Sun,October 13,boxscore,W,,@,Baltimore Ravens,19,17,17,32,298,1,1,3,17,9.8,8.5,53.1,82.6,30,140,4.7,0,4,5,1,1,6,329,6,17,0,0,31:22
2013,7,GNB,Sun,October 20,boxscore,W,,,Cleveland Browns,31,13,25,36,253,3,0,1,7,7.2,6.8,69.4,117.0,29,104,3.6,1,1,2,4,4,3,90,7,13,0,0,33:22
2013,8,GNB,Sun,October 27,boxscore,W,,@,Minnesota Vikings,44,31,24,29,282,2,0,2,3,9.8,9.1,82.8,130.2,42,182,4.3,2,3,3,5,5,0,0,13,18,2,2,40:54
2013,9,GNB,Mon,November 4,boxscore,L,,,Chicago Bears,20,27,12,21,113,0,1,5,28,6.7,4.3,57.1,52.3,29,199,6.9,2,2,2,2,2,6,250,1,9,0,0,26:51
2013,10,GNB,Sun,November 10,boxscore,L,,,Philadelphia Eagles,13,27,29,44,297,1,2,1,8,6.9,6.6,65.9,73.8,30,99,3.3,0,2,4,1,1,2,96,7,16,1,2,34:24
2013,11,GNB,Sun,November 17,boxscore,L,,@,New York Giants,13,27,24,34,339,0,3,0,0,10.0,10.0,70.6,65.7,20,55,2.8,1,2,2,1,1,4,180,2,8,0,1,24:46
2013,12,GNB,Sun,November 24,boxscore,T,OT,,Minnesota Vikings,26,26,28,53,298,1,0,2,18,6.0,5.4,52.8,75.8,34,196,5.8,2,2,2,2,2,8,326,3,16,2,2,34:27
2013,13,GNB,Thu,November 28,boxscore,L,,@,Detroit Lions,10,40,10,20,102,0,1,7,37,7.0,3.8,50.0,44.2,15,24,1.6,0,1,1,1,1,6,287,2,10,0,0,19:34
2013,14,GNB,Sun,December 8,boxscore,W,,,Atlanta Falcons,22,21,24,32,222,1,1,5,36,8.1,6.0,75.0,90.9,33,112,3.4,1,3,3,1,1,3,142,7,15,0,0,33:32
2013,15,GNB,Sun,December 15,boxscore,W,,@,Dallas Cowboys,37,36,26,39,283,4,1,2,16,7.7,6.9,66.7,111.4,27,150,5.6,1,1,1,4,4,4,197,7,13,0,0,28:18
2013,16,GNB,Sun,December 22,boxscore,L,,,Pittsburgh Steelers,31,38,21,39,219,1,1,3,13,5.9,5.2,53.8,68.2,30,151,5.0,3,1,1,4,4,5,208,6,14,0,0,33:20
2013,17,GNB,Sun,December 29,boxscore,W,,@,Chicago Bears,33,28,25,39,313,2,2,3,5,8.2,7.5,64.1,84.7,34,160,4.7,1,2,2,3,3,2,80,9,18,3,3,35:09
2013,18,GNB,Sun,January 5,boxscore,L,,,San Francisco 49ers,20,23,17,26,157,1,0,4,20,6.8,5.2,65.4,94.6,31,124,4.0,1,2,2,2,2,5,197,3,11,1,1,30:54
2013,1,HTX,Mon,September 9,boxscore,W,,@,San Diego Chargers,31,28,34,45,329,3,1,2,17,7.7,7.0,75.6,108.5,28,120,4.3,0,1,2,4,4,3,135,6,13,1,2,36:31
2013,2,HTX,Sun,September 15,boxscore,W,OT,,Tennessee Titans,30,24,26,48,280,3,2,2,18,6.2,5.6,54.2,75.0,28,172,6.1,1,0,3,2,2,7,338,6,17,0,0,33:14
2013,3,HTX,Sun,September 22,boxscore,L,,@,Baltimore Ravens,9,30,25,35,170,0,1,3,24,5.5,4.5,71.4,69.9,23,94,4.1,0,3,3,0,0,5,252,3,12,0,1,30:36
2013,4,HTX,Sun,September 29,boxscore,L,OT,,Seattle Seahawks,20,23,31,49,325,2,2,4,30,7.2,6.1,63.3,79.0,35,151,4.3,0,2,2,2,2,7,317,6,17,0,0,39:53
2013,5,HTX,Sun,October 6,boxscore,L,,@,San Francisco 49ers,3,34,22,40,182,0,3,1,6,4.7,4.4,55.0,35.6,30,131,4.4,0,1,2,0,0,3,151,6,16,2,3,33:52
2013,6,HTX,Sun,October 13,boxscore,L,,,St. Louis Rams,13,38,27,38,267,0,2,5,17,7.5,6.2,71.1,68.6,30,153,5.1,1,2,2,1,1,2,78,6,14,2,3,35:10
2013,7,HTX,Sun,October 20,boxscore,L,,@,Kansas City Chiefs,16,17,15,25,221,1,0,5,50,10.8,7.4,60.0,102.2,24,73,3.0,0,3,3,1,1,5,249,4,12,0,0,27:48
2013,9,HTX,Sun,November 3,boxscore,L,,,Indianapolis Colts,24,27,20,34,340,3,0,1,10,10.3,9.7,58.8,122.2,33,143,4.3,0,1,4,3,3,4,164,6,14,0,1,36:12
2013,10,HTX,Sun,November 10,boxscore,L,,@,Arizona Cardinals,24,27,22,43,159,3,0,3,42,4.7,3.5,51.2,83.4,21,76,3.6,0,1,2,3,3,7,412,6,16,0,1,28:52
2013,11,HTX,Sun,November 17,boxscore,L,,,Oakland Raiders,23,28,25,49,304,1,1,2,21,6.6,6.0,51.0,68.7,21,90,4.3,0,3,3,2,2,9,442,2,16,0,1,28:29
2013,12,HTX,Sun,November 24,boxscore,L,,,Jacksonville Jaguars,6,13,18,34,141,0,1,2,28,5.0,3.9,52.9,51.2,21,77,3.7,0,2,2,0,0,7,314,4,15,0,1,26:19
2013,13,HTX,Sun,December 1,boxscore,L,,,New England Patriots,31,34,15,30,264,0,1,1,8,9.1,8.5,50.0,66.5,28,121,4.3,4,1,1,4,4,3,134,5,11,0,1,26:14
2013,14,HTX,Thu,December 5,boxscore,L,,@,Jacksonville Jaguars,20,27,33,58,323,2,2,3,34,6.2,5.3,56.9,69.8,19,83,4.4,0,2,2,2,2,5,219,8,17,1,2,35:22
2013,15,HTX,Sun,December 15,boxscore,L,,@,Indianapolis Colts,3,25,18,34,132,0,2,4,36,4.9,3.5,52.9,37.9,25,107,4.3,0,1,1,0,0,8,396,5,15,0,1,26:49
2013,16,HTX,Sun,December 22,boxscore,L,,,Denver Broncos,13,37,18,37,153,1,2,3,23,4.8,3.8,48.6,46.3,26,87,3.3,0,2,2,1,1,8,359,6,16,0,0,31:07
2013,17,HTX,Sun,December 29,boxscore,L,,@,Tennessee Titans,10,16,22,34,223,0,2,1,6,6.7,6.4,64.7,58.8,22,65,3.0,1,1,1,1,1,5,229,4,10,0,0,27:45
2013,1,CLT,Sun,September 8,boxscore,W,,,Oakland Raiders,21,17,18,23,147,2,0,4,31,7.7,5.4,78.3,122.3,26,127,4.9,1,0,0,3,3,3,117,6,10,0,1,27:13
2013,2,CLT,Sun,September 15,boxscore,L,,,Miami Dolphins,20,24,25,43,315,1,1,3,6,7.5,6.8,58.1,79.1,26,133,5.1,1,2,3,2,2,4,206,7,15,0,1,30:34
2013,3,CLT,Sun,September 22,boxscore,W,,@,San Francisco 49ers,27,7,17,26,152,0,0,1,7,6.1,5.6,65.4,80.9,40,184,4.6,3,2,3,3,3,4,192,5,12,0,0,36:25
2013,4,CLT,Sun,September 29,boxscore,W,,@,Jacksonville Jaguars,37,3,23,38,280,2,1,2,14,7.7,7.0,60.5,89.8,30,157,5.2,1,3,3,4,4,3,138,6,13,0,0,36:38
2013,5,CLT,Sun,October 6,boxscore,W,,,Seattle Seahawks,34,28,16,29,208,2,0,2,21,7.9,6.7,55.2,100.9,29,109,3.8,1,2,2,2,2,3,93,7,12,0,0,28:38
2013,6,CLT,Mon,October 14,boxscore,L,,@,San Diego Chargers,9,19,18,30,193,0,1,1,9,6.7,6.2,60.0,65.0,17,74,4.4,0,3,3,0,0,5,203,2,10,0,0,21:29
2013,7,CLT,Sun,October 20,boxscore,W,,,Denver Broncos,39,33,21,38,213,3,0,2,15,6.0,5.3,55.3,97.8,31,121,3.9,1,3,3,4,4,9,440,5,17,0,0,31:47
2013,9,CLT,Sun,November 3,boxscore,W,,@,Houston Texans,27,24,18,40,245,3,0,4,26,6.8,5.6,45.0,90.1,14,69,4.9,0,2,3,1,1,5,222,4,13,0,0,23:48
2013,10,CLT,Sun,November 10,boxscore,L,,,St. Louis Rams,8,38,31,52,388,1,4,3,33,8.1,7.1,59.6,57.2,14,18,1.3,0,0,0,0,0,6,298,2,12,0,2,29:22
2013,11,CLT,Thu,November 14,boxscore,W,,@,Tennessee Titans,30,27,23,36,229,0,0,1,3,6.4,6.2,63.9,81.8,32,137,4.3,3,3,3,3,3,3,111,6,13,0,0,32:23
2013,12,CLT,Sun,November 24,boxscore,L,,@,Arizona Cardinals,11,40,20,39,159,1,1,1,4,4.2,4.0,51.3,59.7,15,80,5.3,0,1,1,0,0,5,223,5,13,0,2,23:11
2013,13,CLT,Sun,December 1,boxscore,W,,,Tennessee Titans,22,14,17,32,160,0,1,5,40,6.3,4.3,53.1,54.2,25,104,4.2,1,5,5,1,1,5,227,3,14,1,1,26:05
2013,14,CLT,Sun,December 8,boxscore,L,,@,Cincinnati Bengals,28,42,29,46,326,4,0,0,0,7.1,7.1,63.0,113.1,12,63,5.3,0,0,1,4,4,7,333,2,10,0,0,22:15
2013,15,CLT,Sun,December 15,boxscore,W,,,Houston Texans,25,3,19,32,179,2,1,1,1,5.6,5.4,59.4,82.7,36,152,4.2,0,3,3,2,2,6,258,5,15,0,1,33:11
2013,16,CLT,Sun,December 22,boxscore,W,,@,Kansas City Chiefs,23,7,26,37,232,1,0,1,9,6.5,6.1,70.3,95.8,34,135,4.0,1,3,4,2,2,4,201,7,18,1,1,38:20
2013,17,CLT,Sun,December 29,boxscore,W,,,Jacksonville Jaguars,30,10,29,41,299,1,0,1,8,7.5,7.1,70.7,99.5,28,80,2.9,2,3,3,3,3,5,237,8,16,1,1,33:40
2013,18,CLT,Sat,January 4,boxscore,W,,,Kansas City Chiefs,45,44,29,45,436,4,3,1,7,9.8,9.5,64.4,98.0,19,100,5.3,1,1,1,6,6,1,51,4,8,1,1,22:27
2013,19,CLT,Sat,January 11,boxscore,L,,@,New England Patriots,22,43,20,41,317,2,4,3,14,8.1,7.2,48.8,51.6,21,69,3.3,0,2,2,2,2,5,259,6,15,1,1,25:00
2013,1,JAX,Sun,September 8,boxscore,L,,,Kansas City Chiefs,2,28,19,41,107,0,2,6,50,3.8,2.3,46.3,32.9,23,71,3.1,0,0,0,0,0,11,556,5,19,0,1,28:30
2013,2,JAX,Sun,September 15,boxscore,L,,@,Oakland Raiders,9,19,25,38,214,1,0,5,27,6.3,5.0,65.8,89.1,19,34,1.8,0,1,1,0,0,8,349,7,17,1,1,28:12
2013,3,JAX,Sun,September 22,boxscore,L,,@,Seattle Seahawks,17,45,18,38,214,0,2,3,21,6.2,5.2,47.4,43.1,25,51,2.0,2,1,1,2,2,7,299,4,14,1,1,27:25
2013,4,JAX,Sun,September 29,boxscore,L,,,Indianapolis Colts,3,37,17,32,165,0,3,4,14,5.6,4.6,53.1,28.8,18,40,2.2,0,1,1,0,0,6,290,2,11,0,1,23:22
2013,5,JAX,Sun,October 6,boxscore,L,,@,St. Louis Rams,20,34,16,32,267,2,2,2,3,8.4,7.9,50.0,73.3,25,96,3.8,0,2,2,2,2,5,241,3,12,0,2,24:41
2013,6,JAX,Sun,October 13,boxscore,L,,@,Denver Broncos,19,35,27,42,291,0,2,2,12,7.2,6.6,64.3,64.7,27,71,2.6,1,2,2,1,1,3,135,5,14,0,3,31:15
2013,7,JAX,Sun,October 20,boxscore,L,,,San Diego Chargers,6,24,23,36,275,0,1,6,43,8.8,6.5,63.9,75.6,17,78,4.6,0,2,2,0,0,3,150,3,11,1,3,22:30
2013,8,JAX,Sun,October 27,boxscore,L,,,San Francisco 49ers,10,42,29,45,228,1,0,0,0,5.1,5.1,64.4,84.3,25,90,3.6,0,1,1,1,1,4,178,4,14,3,5,31:31
2013,10,JAX,Sun,November 10,boxscore,W,,@,Tennessee Titans,29,27,14,23,160,0,2,3,20,7.8,6.2,60.9,45.6,30,54,1.8,2,2,2,3,3,7,304,3,12,0,0,29:24
2013,11,JAX,Sun,November 17,boxscore,L,,,Arizona Cardinals,14,27,27,42,242,1,2,2,13,6.1,5.5,64.3,67.8,16,32,2.0,1,0,1,2,2,8,382,2,14,2,3,24:07
2013,12,JAX,Sun,November 24,boxscore,W,,@,Houston Texans,13,6,23,33,215,0,0,4,24,7.2,5.8,69.7,87.3,28,118,4.2,1,2,3,1,1,6,259,7,17,1,1,33:41
2013,13,JAX,Sun,December 1,boxscore,W,,@,Cleveland Browns,32,28,23,41,202,3,1,2,1,5.0,4.7,56.1,83.6,29,112,3.9,0,3,3,3,3,7,306,7,16,0,0,30:36
2013,14,JAX,Thu,December 5,boxscore,W,,,Houston Texans,27,20,13,28,132,3,0,1,6,4.9,4.6,46.4,96.1,28,149,5.3,0,2,2,3,3,8,341,4,14,0,0,24:38
2013,15,JAX,Sun,December 15,boxscore,L,,,Buffalo Bills,20,27,21,36,195,2,2,5,42,6.6,4.8,58.3,68.6,31,159,5.1,0,2,2,2,2,3,136,8,15,0,1,27:25
2013,16,JAX,Sun,December 22,boxscore,L,,,Tennessee Titans,16,20,24,34,226,2,1,2,11,7.0,6.3,70.6,96.0,21,63,3.0,0,1,1,1,2,4,182,3,11,1,3,24:21
2013,17,JAX,Sun,December 29,boxscore,L,,@,Indianapolis Colts,10,30,30,51,308,1,1,3,23,6.5,5.7,58.8,74.6,16,42,2.6,0,1,1,1,1,5,230,3,14,3,5,26:20
2013,1,KAN,Sun,September 8,boxscore,W,,@,Jacksonville Jaguars,28,2,21,34,171,2,0,1,2,5.1,4.9,61.8,94.1,27,121,4.5,1,0,0,4,4,10,363,5,15,0,0,31:30
2013,2,KAN,Sun,September 15,boxscore,W,,,Dallas Cowboys,17,16,21,36,199,2,0,4,24,6.2,5.0,58.3,92.2,25,114,4.6,0,1,2,2,2,7,307,4,13,0,0,28:13
2013,3,KAN,Thu,September 19,boxscore,W,,@,Philadelphia Eagles,26,16,22,35,248,0,0,5,25,7.8,6.2,62.9,84.0,38,146,3.8,1,4,5,2,2,5,218,6,19,0,2,39:07
2013,4,KAN,Sun,September 29,boxscore,W,,,New York Giants,31,7,24,41,288,3,2,1,0,7.0,6.9,58.5,84.2,28,102,3.6,0,1,1,4,4,5,223,9,16,0,0,35:56
2013,5,KAN,Sun,October 6,boxscore,W,,@,Tennessee Titans,26,17,20,39,233,0,1,2,12,6.3,5.7,51.3,59.0,26,120,4.6,1,4,4,2,2,6,225,1,12,0,0,31:17
2013,6,KAN,Sun,October 13,boxscore,W,,,Oakland Raiders,24,7,14,31,105,0,0,3,23,4.1,3.1,45.2,53.8,27,111,4.1,2,1,1,3,3,8,392,4,14,0,0,26:00
2013,7,KAN,Sun,October 20,boxscore,W,,,Houston Texans,17,16,23,34,231,0,1,2,9,7.1,6.4,67.6,74.5,32,126,3.9,2,1,1,2,2,4,174,7,15,0,1,32:12
2013,8,KAN,Sun,October 27,boxscore,W,,,Cleveland Browns,23,17,24,36,195,2,0,6,30,6.3,4.6,66.7,98.7,29,136,4.7,0,3,4,2,2,5,240,10,19,0,0,36:05
2013,9,KAN,Sun,November 3,boxscore,W,,@,Buffalo Bills,23,13,19,29,115,0,0,2,9,4.3,3.7,65.5,73.2,23,95,4.1,0,3,3,2,2,6,317,3,13,0,0,29:46
2013,11,KAN,Sun,November 17,boxscore,L,,@,Denver Broncos,17,27,21,45,200,2,0,3,30,5.1,4.2,46.7,74.3,25,144,5.8,0,1,1,2,2,7,358,4,13,0,1,30:07
2013,12,KAN,Sun,November 24,boxscore,L,,,San Diego Chargers,38,41,26,38,281,3,1,3,13,7.7,6.9,68.4,105.3,18,114,6.3,2,1,1,5,5,4,178,3,9,0,0,29:03
2013,13,KAN,Sun,December 1,boxscore,L,,,Denver Broncos,28,35,26,42,293,2,1,0,0,7.0,7.0,61.9,88.7,25,159,6.4,1,0,0,4,4,5,229,5,13,1,2,31:56
2013,14,KAN,Sun,December 8,boxscore,W,,@,Washington Redskins,45,10,15,23,154,2,1,0,0,6.7,6.7,65.2,95.2,38,192,5.1,2,1,2,6,6,3,113,2,11,1,2,34:10
2013,15,KAN,Sun,December 15,boxscore,W,,@,Oakland Raiders,56,31,20,25,306,5,0,2,12,12.7,11.3,80.0,157.2,24,78,3.3,2,0,0,8,8,4,198,4,9,1,1,25:53
2013,16,KAN,Sun,December 22,boxscore,L,,,Indianapolis Colts,7,23,16,28,132,0,1,5,21,5.5,4.0,57.1,54.5,20,155,7.8,1,0,1,1,1,5,270,1,8,1,1,21:40
2013,17,KAN,Sun,December 29,boxscore,L,OT,@,San Diego Chargers,24,27,21,30,189,1,0,2,11,6.7,5.9,70.0,97.8,37,143,3.9,2,1,2,3,3,5,229,6,14,0,1,34:36
2013,18,KAN,Sat,January 4,boxscore,L,,@,Indianapolis Colts,44,45,30,46,363,4,0,2,15,8.2,7.6,65.2,118.3,32,150,4.7,1,3,3,5,5,2,78,9,16,0,1,37:33
2013,1,SDG,Mon,September 9,boxscore,L,,,Houston Texans,28,31,14,29,183,4,1,2,12,6.7,5.9,48.3,93.8,20,80,4.0,0,0,0,4,4,6,287,7,14,1,1,23:29
2013,2,SDG,Sun,September 15,boxscore,W,,@,Philadelphia Eagles,33,30,36,47,413,3,0,1,6,8.9,8.6,76.6,123.8,31,126,4.1,0,4,4,3,3,1,40,10,15,0,0,40:17
2013,3,SDG,Sun,September 22,boxscore,L,,@,Tennessee Titans,17,20,20,24,175,1,0,2,9,7.7,6.7,83.3,110.9,27,102,3.8,1,1,2,2,2,5,212,3,9,0,0,28:22
2013,4,SDG,Sun,September 29,boxscore,W,,,Dallas Cowboys,30,21,35,42,394,3,1,1,7,9.5,9.2,83.3,119.6,27,112,4.1,0,3,3,3,3,4,159,5,12,0,0,34:03
2013,5,SDG,Sun,October 6,boxscore,L,,@,Oakland Raiders,17,27,35,48,391,2,3,2,20,8.6,7.8,72.9,84.6,19,36,1.9,0,1,2,2,2,2,77,4,11,0,1,30:55
2013,6,SDG,Mon,October 14,boxscore,W,,,Indianapolis Colts,19,9,22,33,227,1,0,2,10,7.2,6.5,66.7,96.4,37,147,4.0,0,4,4,1,1,3,145,7,14,0,0,38:31
2013,7,SDG,Sun,October 20,boxscore,W,,@,Jacksonville Jaguars,24,6,22,26,276,1,0,1,9,11.0,10.2,84.6,123.7,40,158,4.0,2,1,1,3,3,3,134,7,12,0,0,37:30
2013,9,SDG,Sun,November 3,boxscore,L,OT,@,Washington Redskins,24,30,29,46,341,2,2,1,0,7.4,7.3,63.0,81.9,16,69,4.3,0,1,1,3,3,4,160,3,9,1,1,25:58
2013,10,SDG,Sun,November 10,boxscore,L,,,Denver Broncos,20,28,19,29,198,1,0,4,20,7.5,6.0,65.5,96.6,35,131,3.7,1,2,3,2,2,5,238,7,16,1,1,38:03
2013,11,SDG,Sun,November 17,boxscore,L,,@,Miami Dolphins,16,20,22,34,281,1,1,3,17,8.8,7.6,64.7,88.0,26,154,5.9,0,3,3,1,1,4,174,4,11,0,0,31:24
2013,12,SDG,Sun,November 24,boxscore,W,,@,Kansas City Chiefs,41,38,27,39,387,3,0,1,5,10.1,9.7,69.2,126.8,27,104,3.9,2,2,2,5,5,5,200,7,15,1,1,30:57
2013,13,SDG,Sun,December 1,boxscore,L,,,Cincinnati Bengals,10,17,23,37,243,1,1,2,9,6.8,6.2,62.2,79.0,24,91,3.8,0,1,1,1,1,4,157,6,13,0,0,30:20
2013,14,SDG,Sun,December 8,boxscore,W,,,New York Giants,37,14,21,28,244,3,0,2,5,8.9,8.1,75.0,136.6,40,144,3.6,1,3,3,4,4,1,39,10,15,0,0,36:56
2013,15,SDG,Thu,December 12,boxscore,W,,@,Denver Broncos,27,20,12,20,160,2,0,2,6,8.3,7.3,60.0,118.7,44,177,4.0,1,2,2,3,3,3,126,6,12,0,0,38:49
2013,16,SDG,Sun,December 22,boxscore,W,,,Oakland Raiders,26,13,19,29,196,1,1,1,5,6.9,6.5,65.5,82.0,37,148,4.0,1,4,4,2,2,1,37,6,11,0,0,34:42
2013,17,SDG,Sun,December 29,boxscore,W,OT,,Kansas City Chiefs,27,24,22,33,219,3,1,3,10,6.9,6.1,66.7,103.0,36,186,5.2,0,2,2,3,3,5,232,9,17,1,1,37:08
2013,18,SDG,Sun,January 5,boxscore,W,,@,Cincinnati Bengals,27,10,12,16,122,1,0,1,6,8.0,7.2,75.0,117.2,40,196,4.9,2,2,2,3,3,6,259,4,12,0,0,29:28
2013,19,SDG,Sun,January 12,boxscore,L,,@,Denver Broncos,17,24,18,27,194,2,0,4,23,8.0,6.3,66.7,112.3,18,65,3.6,0,1,2,2,2,4,207,4,12,1,1,24:33
2013,1,RAM,Sun,September 8,boxscore,W,,,Arizona Cardinals,27,24,27,38,299,2,1,0,0,7.9,7.9,71.1,100.7,24,67,2.8,0,4,4,1,1,3,147,4,11,0,0,28:35
2013,2,RAM,Sun,September 15,boxscore,L,,@,Atlanta Falcons,24,31,32,55,352,3,1,0,0,6.4,6.4,58.2,87.8,18,69,3.8,0,1,1,3,3,6,298,7,17,2,2,29:43
2013,3,RAM,Sun,September 22,boxscore,L,,@,Dallas Cowboys,7,31,29,49,197,1,0,6,43,4.9,3.6,59.2,75.0,12,35,2.9,0,0,0,1,1,5,238,1,13,3,6,26:32
2013,4,RAM,Thu,September 26,boxscore,L,,,San Francisco 49ers,11,35,19,41,170,1,1,5,32,4.9,3.7,46.3,55.9,19,18,0.9,0,1,1,0,0,11,490,3,17,0,0,28:15
2013,5,RAM,Sun,October 6,boxscore,W,,,Jacksonville Jaguars,34,20,19,34,208,3,0,2,14,6.5,5.8,55.9,103.6,36,143,4.0,0,2,2,4,4,7,286,8,19,0,0,35:19
2013,6,RAM,Sun,October 13,boxscore,W,,@,Houston Texans,38,13,12,16,117,3,0,0,0,7.3,7.3,75.0,134.6,25,99,4.0,0,1,1,5,5,3,135,3,7,0,0,24:50
2013,7,RAM,Sun,October 20,boxscore,L,,@,Carolina Panthers,15,30,23,34,254,1,1,4,20,8.1,6.7,67.6,87.1,21,63,3.0,0,2,2,1,1,4,159,4,13,0,2,26:40
2013,8,RAM,Mon,October 28,boxscore,L,,,Seattle Seahawks,9,14,15,31,139,0,2,3,19,5.1,4.1,48.4,34.2,37,200,5.4,0,3,4,0,0,4,182,5,14,0,1,38:09
2013,9,RAM,Sun,November 3,boxscore,L,,,Tennessee Titans,21,28,20,35,203,1,0,2,7,6.0,5.5,57.1,83.4,32,160,5.0,2,0,1,3,3,5,242,5,13,0,1,32:51
2013,10,RAM,Sun,November 10,boxscore,W,,@,Indianapolis Colts,38,8,9,16,232,2,0,2,15,15.4,12.9,56.3,140.6,37,140,3.8,1,1,1,5,5,5,242,7,15,0,1,30:38
2013,12,RAM,Sun,November 24,boxscore,W,,,Chicago Bears,42,21,10,22,148,1,0,2,19,7.6,6.2,45.5,83.1,29,258,8.9,3,2,2,4,4,2,97,4,10,0,0,23:51
2013,13,RAM,Sun,December 1,boxscore,L,,@,San Francisco 49ers,13,23,19,38,198,1,1,3,20,5.7,4.8,50.0,63.3,26,114,4.4,0,2,2,1,1,5,244,4,13,0,2,26:56
2013,14,RAM,Sun,December 8,boxscore,L,,@,Arizona Cardinals,10,30,16,27,157,0,2,4,24,6.7,5.1,59.3,44.8,19,100,5.3,1,1,1,1,1,5,257,3,11,0,1,24:53
2013,15,RAM,Sun,December 15,boxscore,W,,,New Orleans Saints,27,16,14,20,158,2,0,0,0,7.9,7.9,70.0,126.7,34,144,4.2,1,2,2,3,3,4,167,7,14,0,0,27:48
2013,16,RAM,Sun,December 22,boxscore,W,,,Tampa Bay Buccaneers,23,13,16,20,148,0,0,1,10,7.9,7.0,80.0,97.5,39,129,3.3,2,3,3,2,2,2,88,6,14,1,2,34:06
2013,17,RAM,Sun,December 29,boxscore,L,,@,Seattle Seahawks,9,27,21,30,145,1,2,2,12,5.2,4.5,70.0,63.9,18,13,0.7,0,1,1,0,0,7,337,2,11,0,0,26:20
2013,1,RAI,Sun,September 8,boxscore,L,,@,Indianapolis Colts,17,21,19,29,201,1,2,1,16,7.5,6.7,65.5,68.3,33,171,5.2,1,1,2,2,2,2,101,7,13,1,1,32:47
2013,2,RAI,Sun,September 15,boxscore,W,,,Jacksonville Jaguars,19,9,15,24,114,0,0,3,12,5.3,4.2,62.5,74.0,34,226,6.6,1,4,5,1,1,4,192,4,14,0,0,31:48
2013,3,RAI,Mon,September 23,boxscore,L,,@,Denver Broncos,21,37,21,31,293,2,0,3,23,10.2,8.6,67.7,119.4,17,49,2.9,1,0,0,3,3,6,315,5,12,0,1,24:36
2013,4,RAI,Sun,September 29,boxscore,L,,,Washington Redskins,14,24,21,32,194,1,1,7,33,7.1,5.0,65.6,79.4,26,104,4.0,0,0,1,2,2,7,314,5,17,1,2,32:22
2013,5,RAI,Sun,October 6,boxscore,W,,,San Diego Chargers,27,17,18,23,195,2,0,4,26,9.6,7.2,78.3,131.0,28,104,3.7,0,2,2,3,3,6,297,4,12,0,0,29:05
2013,6,RAI,Sun,October 13,boxscore,L,,@,Kansas City Chiefs,7,24,18,34,153,1,3,9,63,6.4,3.6,52.9,38.0,28,121,4.3,0,0,1,1,1,8,414,4,15,1,1,34:00
2013,8,RAI,Sun,October 27,boxscore,W,,,Pittsburgh Steelers,21,18,10,19,82,0,2,2,6,4.6,3.9,52.6,24.3,38,197,5.2,3,0,0,3,3,8,372,5,14,0,0,30:01
2013,9,RAI,Sun,November 3,boxscore,L,,,Philadelphia Eagles,20,49,29,56,350,0,2,3,25,6.7,5.9,51.8,56.4,33,210,6.4,2,2,2,2,2,7,315,6,18,0,1,37:54
2013,10,RAI,Sun,November 10,boxscore,L,,@,New York Giants,20,24,11,26,106,0,1,4,16,4.7,3.5,42.3,38.3,25,107,4.3,1,2,2,2,2,6,254,2,12,0,0,27:58
2013,11,RAI,Sun,November 17,boxscore,W,,@,Houston Texans,28,23,18,32,176,3,0,2,21,6.2,5.2,56.3,103.1,31,165,5.3,1,0,1,4,4,11,540,5,18,0,0,31:31
2013,12,RAI,Sun,November 24,boxscore,L,,,Tennessee Titans,19,23,19,32,260,1,1,0,0,8.1,8.1,59.4,82.8,23,93,4.0,0,4,6,1,1,2,95,3,10,0,0,24:12
2013,13,RAI,Thu,November 28,boxscore,L,,@,Dallas Cowboys,24,31,18,30,255,0,1,0,0,8.5,8.5,60.0,73.6,25,50,2.0,2,1,1,3,3,5,265,7,13,0,0,27:41
2013,14,RAI,Sun,December 8,boxscore,L,,@,New York Jets,27,37,20,36,233,2,1,3,32,7.4,6.0,55.6,82.3,26,150,5.8,1,2,3,3,3,3,85,5,15,2,2,30:34
2013,15,RAI,Sun,December 15,boxscore,L,,,Kansas City Chiefs,31,56,20,41,331,2,5,0,0,8.1,8.1,48.8,53.0,33,130,3.9,2,1,1,4,4,1,48,7,14,1,1,34:07
2013,16,RAI,Sun,December 22,boxscore,L,,@,San Diego Chargers,13,26,20,36,206,0,1,1,0,5.7,5.6,55.6,60.6,17,59,3.5,1,2,2,1,1,5,271,4,13,1,2,25:18
2013,17,RAI,Sun,December 29,boxscore,L,,,Denver Broncos,14,34,21,38,191,2,0,2,16,5.4,4.8,55.3,86.6,20,64,3.2,0,0,1,2,2,5,229,5,13,0,1,24:31
2013,1,MIA,Sun,September 8,boxscore,W,,@,Cleveland Browns,23,10,24,38,255,1,1,4,17,7.2,6.1,63.2,80.5,23,20,0.9,1,3,3,2,2,5,270,8,16,0,0,32:47
2013,2,MIA,Sun,September 15,boxscore,W,,@,Indianapolis Colts,24,20,23,34,297,1,0,5,22,9.4,7.6,67.6,104.7,27,101,3.7,2,1,1,3,3,5,208,6,14,0,1,29:26
2013,3,MIA,Sun,September 22,boxscore,W,,,Atlanta Falcons,27,23,24,35,195,2,1,5,41,6.7,4.9,68.6,89.6,15,90,6.0,1,2,2,3,3,3,159,7,12,0,0,22:51
2013,4,MIA,Mon,September 30,boxscore,L,,@,New Orleans Saints,17,38,22,35,216,1,3,4,33,7.1,5.5,62.9,54.0,19,115,6.1,1,1,1,2,2,4,208,3,9,0,0,26:11
2013,5,MIA,Sun,October 6,boxscore,L,,,Baltimore Ravens,23,26,21,40,272,1,0,6,35,7.7,5.9,52.5,82.5,11,22,2.0,0,3,4,2,2,8,420,3,16,1,1,23:44
2013,7,MIA,Sun,October 20,boxscore,L,,,Buffalo Bills,21,23,19,37,173,3,2,2,21,5.2,4.4,51.4,68.9,25,120,4.8,0,0,1,3,3,6,282,3,13,0,1,29:48
2013,8,MIA,Sun,October 27,boxscore,L,,@,New England Patriots,17,27,22,42,145,2,2,6,47,4.6,3.0,52.4,56.2,31,156,5.0,0,1,3,2,2,4,161,8,17,1,2,34:59
2013,9,MIA,Thu,October 31,boxscore,W,OT,,Cincinnati Bengals,22,20,20,28,188,0,0,3,20,7.4,6.1,71.4,89.6,30,157,5.2,1,2,3,2,2,8,391,3,14,0,0,28:20
2013,10,MIA,Mon,November 11,boxscore,L,,@,Tampa Bay Buccaneers,19,22,27,42,211,2,1,2,18,5.5,4.8,64.3,82.5,14,2,0.1,0,2,2,1,1,5,257,4,12,0,1,25:12
2013,11,MIA,Sun,November 17,boxscore,W,,,San Diego Chargers,20,16,22,35,239,1,1,4,29,7.7,6.1,62.9,80.5,19,104,5.5,1,2,2,2,2,4,209,2,10,0,0,28:36
2013,12,MIA,Sun,November 24,boxscore,L,,,Carolina Panthers,16,20,28,42,280,1,1,3,30,7.4,6.2,66.7,83.4,17,52,3.1,0,3,4,1,1,6,291,4,16,0,0,29:48
2013,13,MIA,Sun,December 1,boxscore,W,,@,New York Jets,23,3,28,43,328,2,1,1,3,7.7,7.5,65.1,93.9,36,125,3.5,0,3,4,2,2,3,128,7,16,0,2,38:52
2013,14,MIA,Sun,December 8,boxscore,W,,@,Pittsburgh Steelers,34,28,20,33,186,3,1,2,14,6.1,5.3,60.6,93.7,25,181,7.2,1,2,3,4,4,5,232,6,14,0,0,28:55
2013,15,MIA,Sun,December 15,boxscore,W,,,New England Patriots,24,20,25,37,289,3,0,4,23,8.4,7.0,67.6,118.0,23,89,3.9,0,1,1,3,3,4,189,4,11,1,2,28:39
2013,16,MIA,Sun,December 22,boxscore,L,,@,Buffalo Bills,0,19,12,33,89,0,2,7,46,4.1,2.2,36.4,19.6,12,14,1.2,0,0,0,0,0,10,501,2,14,0,1,23:29
2013,17,MIA,Sun,December 29,boxscore,L,,,New York Jets,7,20,20,40,204,1,3,0,0,5.1,5.1,50.0,42.1,22,92,4.2,0,0,0,1,1,5,244,6,13,0,1,27:36
2013,1,MIN,Sun,September 8,boxscore,L,,@,Detroit Lions,24,34,18,28,225,1,3,3,11,8.4,7.3,64.3,61.5,22,105,4.8,2,1,1,3,3,5,211,2,10,1,2,23:41
2013,2,MIN,Sun,September 15,boxscore,L,,@,Chicago Bears,30,31,16,30,227,1,1,1,0,7.6,7.3,53.3,75.3,33,123,3.7,0,3,3,3,3,3,170,7,16,2,2,29:26
2013,3,MIN,Sun,September 22,boxscore,L,,,Cleveland Browns,27,31,25,42,195,0,1,6,33,5.4,4.1,59.5,61.1,31,134,4.3,3,2,2,3,3,7,325,8,17,0,0,31:08
2013,4,MIN,Sun,September 29,boxscore,W,,,Pittsburgh Steelers,34,27,16,25,248,2,0,1,0,9.9,9.5,64.0,123.4,25,145,5.8,2,2,3,4,4,4,167,4,11,0,0,23:33
2013,6,MIN,Sun,October 13,boxscore,L,,,Carolina Panthers,10,35,32,44,215,1,2,3,26,5.5,4.6,72.7,71.7,13,75,5.8,0,1,1,1,1,4,199,6,14,1,2,23:33
2013,7,MIN,Mon,October 21,boxscore,L,,@,New York Giants,7,23,20,53,176,0,1,1,14,3.6,3.3,37.7,39.5,14,30,2.1,0,0,1,1,1,7,312,7,18,0,3,23:38
2013,8,MIN,Sun,October 27,boxscore,L,,,Green Bay Packers,31,44,14,21,132,0,0,3,13,6.9,5.5,66.7,83.8,19,111,5.8,3,1,1,4,4,4,186,2,8,0,0,19:06
2013,9,MIN,Sun,November 3,boxscore,L,,@,Dallas Cowboys,23,27,25,37,224,1,1,2,12,6.4,5.7,67.6,81.4,29,169,5.8,2,1,1,2,3,3,113,5,13,2,3,31:27
2013,10,MIN,Thu,November 7,boxscore,W,,,Washington Redskins,34,27,21,27,216,2,1,1,5,8.2,7.7,77.8,109.3,24,91,3.8,2,2,2,4,4,1,50,6,10,0,0,23:59
2013,11,MIN,Sun,November 17,boxscore,L,,@,Seattle Seahawks,20,41,18,35,204,2,3,2,3,5.9,5.5,51.4,52.6,33,132,4.0,0,2,2,2,2,3,127,5,14,0,1,34:09
2013,12,MIN,Sun,November 24,boxscore,T,OT,@,Green Bay Packers,26,26,21,30,215,1,0,6,18,7.8,6.0,70.0,101.4,43,232,5.4,1,4,4,2,2,6,257,6,16,0,0,40:33
2013,13,MIN,Sun,December 1,boxscore,W,OT,,Chicago Bears,23,20,23,41,250,1,1,5,33,6.9,5.4,56.1,72.2,40,246,6.2,1,3,4,2,2,6,264,4,17,3,3,39:09
2013,14,MIN,Sun,December 8,boxscore,L,,@,Baltimore Ravens,26,29,17,38,265,2,0,0,0,7.0,7.0,44.7,86.0,25,114,4.6,1,2,2,2,2,9,397,5,17,1,1,27:48
2013,15,MIN,Sun,December 15,boxscore,W,,,Philadelphia Eagles,48,30,26,35,370,2,1,3,12,10.9,9.7,74.3,115.2,35,85,2.4,4,2,3,6,6,2,97,8,13,0,0,36:26
2013,16,MIN,Sun,December 22,boxscore,L,,@,Cincinnati Bengals,14,42,13,27,94,1,3,4,20,4.2,3.0,48.1,29.5,17,115,6.8,1,0,0,2,2,5,197,0,9,0,2,20:28
2013,17,MIN,Sun,December 29,boxscore,W,,,Detroit Lions,14,13,20,33,171,1,1,3,18,5.7,4.8,60.6,71.7,20,174,8.7,1,0,0,2,2,6,244,3,11,0,0,27:23
2013,1,NWE,Sun,September 8,boxscore,W,,@,Buffalo Bills,23,21,29,52,273,2,1,3,15,5.5,5.0,55.8,75.2,34,158,4.6,0,3,3,2,2,6,236,11,20,0,1,37:43
2013,2,NWE,Thu,September 12,boxscore,W,,,New York Jets,13,10,19,39,178,1,0,1,7,4.7,4.5,48.7,70.2,24,54,2.3,0,2,3,1,1,11,514,4,18,0,0,26:00
2013,3,NWE,Sun,September 22,boxscore,W,,,Tampa Bay Buccaneers,23,3,25,36,202,2,1,3,23,6.3,5.2,69.4,90.3,33,156,4.7,0,3,3,2,2,3,128,6,15,1,2,33:01
2013,4,NWE,Sun,September 29,boxscore,W,,@,Atlanta Falcons,30,23,20,31,316,2,0,0,0,10.2,10.2,64.5,119.8,31,132,4.3,1,3,3,3,3,2,110,7,13,0,1,30:39
2013,5,NWE,Sun,October 6,boxscore,L,,@,Cincinnati Bengals,6,13,18,38,166,0,1,4,31,5.2,4.0,47.4,48.8,18,82,4.6,0,2,2,0,0,8,353,1,12,0,0,25:44
2013,6,NWE,Sun,October 13,boxscore,W,,,New Orleans Saints,30,27,25,43,235,1,1,5,34,6.3,4.9,58.1,71.4,35,141,4.0,2,3,3,3,3,4,210,5,15,1,3,31:51
2013,7,NWE,Sun,October 20,boxscore,L,OT,@,New York Jets,27,30,22,46,205,0,1,4,23,5.0,4.1,47.8,51.4,20,90,4.5,2,2,2,3,3,8,404,1,12,1,1,23:40
2013,8,NWE,Sun,October 27,boxscore,W,,,Miami Dolphins,27,17,13,22,100,1,1,3,16,5.3,4.0,59.1,66.5,37,152,4.1,2,2,2,3,3,5,217,2,10,1,1,25:01
2013,9,NWE,Sun,November 3,boxscore,W,,,Pittsburgh Steelers,55,31,23,33,413,4,0,3,19,13.1,11.5,69.7,151.8,35,197,5.6,3,2,2,7,7,2,101,7,12,0,1,28:48
2013,11,NWE,Mon,November 18,boxscore,L,,@,Carolina Panthers,20,24,29,40,283,1,1,2,13,7.4,6.7,72.5,89.9,25,107,4.3,1,2,2,2,2,1,34,5,10,1,1,30:46
2013,12,NWE,Sun,November 24,boxscore,W,OT,,Denver Broncos,34,31,34,50,324,3,0,3,20,6.9,6.1,68.0,105.7,31,116,3.7,1,2,2,4,4,6,267,6,14,0,1,34:06
2013,13,NWE,Sun,December 1,boxscore,W,,@,Houston Texans,34,31,29,41,365,2,1,1,6,9.0,8.7,70.7,104.2,27,88,3.3,2,2,3,4,4,3,132,5,12,0,0,33:46
2013,14,NWE,Sun,December 8,boxscore,W,,,Cleveland Browns,27,26,32,52,397,2,1,4,21,8.0,7.1,61.5,90.0,21,87,4.1,1,2,2,1,1,5,200,6,15,1,1,28:20
2013,15,NWE,Sun,December 15,boxscore,L,,@,Miami Dolphins,20,24,34,55,357,2,1,1,7,6.6,6.4,61.8,85.2,22,96,4.4,0,2,3,2,2,3,146,9,17,1,2,31:21
2013,16,NWE,Sun,December 22,boxscore,W,,@,Baltimore Ravens,41,7,14,26,158,1,0,2,14,6.6,5.6,53.8,85.1,34,142,4.2,2,2,2,5,5,7,334,4,13,0,0,31:58
2013,17,NWE,Sun,December 29,boxscore,W,,,Buffalo Bills,34,20,14,24,115,1,1,1,7,5.1,4.6,58.3,67.2,43,267,6.2,2,4,4,2,2,3,137,4,13,0,0,32:47
2013,19,NWE,Sat,January 11,boxscore,W,,,Indianapolis Colts,43,22,13,25,185,0,0,2,13,7.9,6.9,52.0,76.2,46,234,5.1,6,0,0,5,5,6,264,11,18,0,1,35:00
2013,20,NWE,Sun,January 19,boxscore,L,,@,Denver Broncos,16,26,24,38,256,1,0,2,21,7.3,6.4,63.2,91.6,16,64,4.0,1,1,1,1,1,3,147,6,12,1,2,24:16
2013,1,NOR,Sun,September 8,boxscore,W,,,Atlanta Falcons,23,17,26,35,341,2,1,2,16,10.2,9.2,74.3,111.7,29,78,2.7,0,3,3,2,2,3,148,6,13,0,1,35:11
2013,2,NOR,Sun,September 15,boxscore,W,,@,Tampa Bay Buccaneers,16,14,26,46,296,1,2,4,26,7.0,5.9,56.5,65.1,20,75,3.8,0,3,4,1,1,4,175,5,14,0,1,32:36
2013,3,NOR,Sun,September 22,boxscore,W,,,Arizona Cardinals,31,7,29,46,319,3,1,4,23,7.4,6.4,63.0,96.2,24,104,4.3,1,1,1,4,4,4,198,7,13,0,0,35:31
2013,4,NOR,Mon,September 30,boxscore,W,,,Miami Dolphins,38,17,30,39,397,4,0,2,16,10.6,9.7,76.9,142.8,24,68,2.8,1,1,2,5,5,3,142,6,13,0,0,33:49
2013,5,NOR,Sun,October 6,boxscore,W,,@,Chicago Bears,26,18,29,35,283,2,0,1,5,8.2,7.9,82.9,119.4,29,64,2.2,0,4,4,2,2,4,195,6,16,1,1,36:00
2013,6,NOR,Sun,October 13,boxscore,L,,@,New England Patriots,27,30,17,36,230,2,1,1,6,6.6,6.2,47.2,75.0,26,131,5.0,1,2,2,3,3,6,268,5,14,0,0,28:09
2013,8,NOR,Sun,October 27,boxscore,W,,,Buffalo Bills,35,17,26,34,309,5,0,4,23,9.8,8.1,76.5,143.3,26,77,3.0,0,0,2,5,5,4,187,7,15,1,1,32:30
2013,9,NOR,Sun,November 3,boxscore,L,,@,New York Jets,20,26,30,51,366,2,2,2,16,7.5,6.9,58.8,77.7,13,41,3.2,0,2,3,2,2,2,82,3,11,1,3,29:32
2013,10,NOR,Sun,November 10,boxscore,W,,,Dallas Cowboys,49,17,34,41,383,4,0,1,9,9.6,9.1,82.9,138.1,38,242,6.4,3,0,1,7,7,1,33,9,12,1,1,39:32
2013,11,NOR,Sun,November 17,boxscore,W,,,San Francisco 49ers,23,20,30,43,295,1,1,1,10,7.1,6.7,69.8,86.9,23,92,4.0,1,3,3,2,2,3,154,6,14,0,1,34:39
2013,12,NOR,Thu,November 21,boxscore,W,,@,Atlanta Falcons,17,13,23,33,271,2,0,1,7,8.4,8.0,69.7,114.6,25,103,4.1,0,1,1,2,2,4,198,7,13,0,1,26:14
2013,13,NOR,Mon,December 2,boxscore,L,,@,Seattle Seahawks,7,34,23,38,144,1,0,1,3,3.9,3.7,60.5,77.1,17,44,2.6,0,0,0,1,1,6,294,6,15,0,2,26:22
2013,14,NOR,Sun,December 8,boxscore,W,,,Carolina Panthers,31,13,30,42,304,4,0,2,9,7.5,6.9,71.4,123.5,17,69,4.1,0,1,1,4,4,4,177,7,12,0,0,27:33
2013,15,NOR,Sun,December 15,boxscore,L,,@,St. Louis Rams,16,27,39,56,371,1,2,4,22,7.0,6.2,69.6,78.8,20,61,3.1,1,1,3,1,1,2,107,5,15,4,4,32:12
2013,16,NOR,Sun,December 22,boxscore,L,,@,Carolina Panthers,13,17,30,45,239,1,2,6,42,6.2,4.7,66.7,68.7,30,126,4.2,0,2,2,1,1,7,340,5,18,0,1,38:48
2013,17,NOR,Sun,December 29,boxscore,W,,,Tampa Bay Buccaneers,42,17,24,31,370,4,0,1,11,12.3,11.6,77.4,155.9,30,98,3.3,2,0,0,6,6,4,161,7,13,1,2,34:12
2013,18,NOR,Sat,January 4,boxscore,W,,@,Philadelphia Eagles,26,24,20,30,249,1,2,2,1,8.3,7.8,66.7,75.6,36,185,5.1,1,4,4,2,2,3,105,7,13,0,0,34:53
2013,19,NOR,Sat,January 11,boxscore,L,,@,Seattle Seahawks,15,23,24,43,301,1,0,1,8,7.2,6.8,55.8,85.5,26,108,4.2,1,0,2,1,1,4,155,3,12,1,3,30:30
2013,1,NYG,Sun,September 8,boxscore,L,,@,Dallas Cowboys,31,36,27,42,428,4,3,3,22,10.7,9.5,64.3,100.1,14,50,3.6,0,1,1,4,4,3,164,6,11,0,0,22:50
2013,2,NYG,Sun,September 15,boxscore,L,,,Denver Broncos,23,41,28,49,353,1,4,1,9,7.4,7.1,57.1,52.5,19,23,1.2,1,3,3,2,2,5,231,1,11,0,1,31:58
2013,3,NYG,Sun,September 22,boxscore,L,,@,Carolina Panthers,0,38,14,27,90,0,2,7,45,5.0,2.6,51.9,28.3,16,60,3.8,0,0,1,0,0,6,245,3,12,0,1,23:13
2013,4,NYG,Sun,September 29,boxscore,L,,@,Kansas City Chiefs,7,31,18,37,200,1,1,3,17,5.9,5.0,48.6,62.9,21,98,4.7,0,0,1,1,1,8,399,1,14,1,2,24:04
2013,5,NYG,Sun,October 6,boxscore,L,,,Philadelphia Eagles,21,36,24,52,330,2,3,1,4,6.4,6.2,46.2,55.8,17,53,3.1,1,0,0,3,3,7,338,5,13,0,0,27:53
2013,6,NYG,Thu,October 10,boxscore,L,,@,Chicago Bears,21,27,14,26,232,1,3,1,7,9.2,8.6,53.8,57.4,26,123,4.7,2,0,0,3,3,3,139,7,11,0,0,27:05
2013,7,NYG,Mon,October 21,boxscore,W,,,Minnesota Vikings,23,7,23,39,193,1,0,2,7,5.1,4.7,59.0,80.4,32,64,2.0,1,3,3,2,2,9,438,7,19,0,0,36:22
2013,8,NYG,Sun,October 27,boxscore,W,,@,Philadelphia Eagles,15,7,25,39,237,0,0,1,9,6.3,5.9,64.1,80.8,31,88,2.8,0,5,5,0,0,5,219,8,19,0,1,38:05
2013,10,NYG,Sun,November 10,boxscore,W,,,Oakland Raiders,24,20,12,22,118,1,1,3,22,6.4,4.7,54.5,66.1,38,133,3.5,1,1,1,3,3,4,121,7,14,0,0,32:02
2013,11,NYG,Sun,November 17,boxscore,W,,,Green Bay Packers,27,13,25,35,256,1,1,4,23,8.0,6.6,71.4,89.7,24,78,3.3,1,2,2,3,3,5,265,4,14,2,2,35:14
2013,12,NYG,Sun,November 24,boxscore,L,,,Dallas Cowboys,21,24,16,30,154,2,0,2,20,5.8,4.8,53.3,90.1,30,202,6.7,0,2,2,1,1,5,273,3,12,1,2,30:39
2013,13,NYG,Sun,December 1,boxscore,W,,@,Washington Redskins,24,17,22,28,206,1,1,3,29,8.4,6.6,78.6,94.3,23,80,3.5,2,1,1,3,3,6,287,4,12,0,0,28:25
2013,14,NYG,Sun,December 8,boxscore,L,,@,San Diego Chargers,14,37,20,32,241,1,2,2,18,8.1,7.1,62.5,69.9,20,92,4.6,1,0,0,2,2,3,141,3,8,1,2,23:04
2013,15,NYG,Sun,December 15,boxscore,L,,,Seattle Seahawks,0,23,22,35,156,0,5,4,30,5.3,4.0,62.9,33.5,14,25,1.8,0,0,0,0,0,8,380,1,10,0,0,26:02
2013,16,NYG,Sun,December 22,boxscore,W,OT,@,Detroit Lions,23,20,23,42,238,1,1,2,18,6.1,5.4,54.8,69.3,21,41,2.0,0,3,3,2,2,6,279,6,17,1,1,29:43
2013,17,NYG,Sun,December 29,boxscore,W,,,Washington Redskins,20,6,12,32,156,1,2,1,7,5.1,4.7,37.5,38.0,35,122,3.5,1,2,3,2,2,8,352,3,14,0,0,31:39
2013,1,NYJ,Sun,September 8,boxscore,W,,,Tampa Bay Buccaneers,18,17,24,39,214,1,1,5,42,6.6,4.9,61.5,74.1,29,90,3.1,0,3,3,1,1,7,339,7,18,0,0,32:22
2013,2,NYJ,Thu,September 12,boxscore,L,,@,New England Patriots,10,13,15,35,189,0,3,4,25,6.1,4.8,42.9,24.6,32,129,4.0,1,1,1,1,1,9,401,6,18,0,0,34:00
2013,3,NYJ,Sun,September 22,boxscore,W,,,Buffalo Bills,27,20,16,29,331,2,2,0,0,11.4,11.4,55.2,89.9,41,182,4.4,1,2,2,3,3,7,294,5,14,0,1,34:13
2013,4,NYJ,Sun,September 29,boxscore,L,,@,Tennessee Titans,13,38,23,34,239,1,2,5,50,8.5,6.1,67.6,73.0,23,91,4.0,0,2,2,1,1,5,245,4,13,0,1,29:22
2013,5,NYJ,Mon,October 7,boxscore,W,,@,Atlanta Falcons,30,28,16,20,170,3,0,4,29,10.0,7.1,80.0,141.7,22,118,5.4,0,3,3,3,3,3,140,6,11,0,0,24:33
2013,6,NYJ,Sun,October 13,boxscore,L,,,Pittsburgh Steelers,6,19,19,34,184,0,2,3,17,5.9,5.0,55.9,46.7,20,83,4.2,0,2,2,0,0,7,312,3,11,0,0,24:11
2013,7,NYJ,Sun,October 20,boxscore,W,OT,,New England Patriots,30,27,17,33,206,1,1,4,27,7.1,5.6,51.5,68.5,52,177,3.4,1,3,3,3,3,6,241,11,21,0,0,46:13
2013,8,NYJ,Sun,October 27,boxscore,L,,@,Cincinnati Bengals,9,49,23,37,147,0,2,4,29,4.8,3.6,62.2,47.9,24,93,3.9,0,3,3,0,0,5,248,6,15,0,1,33:17
2013,9,NYJ,Sun,November 3,boxscore,W,,,New Orleans Saints,26,20,9,20,140,0,0,2,0,7.0,6.4,45.0,68.7,36,198,5.5,2,4,4,2,2,5,222,4,14,0,0,30:28
2013,11,NYJ,Sun,November 17,boxscore,L,,@,Buffalo Bills,14,37,12,29,133,1,3,4,30,5.6,4.0,41.4,27.6,23,134,5.8,1,0,1,2,2,6,284,2,11,1,2,26:18
2013,12,NYJ,Sun,November 24,boxscore,L,,@,Baltimore Ravens,3,19,10,24,118,0,2,3,22,5.8,4.4,41.7,22.6,28,102,3.6,0,1,1,0,0,8,411,1,12,0,0,25:55
2013,13,NYJ,Sun,December 1,boxscore,L,,,Miami Dolphins,3,23,13,28,78,0,2,4,30,3.9,2.4,46.4,23.5,22,99,4.5,0,1,1,0,0,7,316,2,12,0,2,21:08
2013,14,NYJ,Sun,December 8,boxscore,W,,,Oakland Raiders,37,27,16,25,209,1,1,1,10,8.8,8.0,64.0,86.9,32,143,4.5,2,3,3,4,4,2,85,7,13,0,0,29:26
2013,15,NYJ,Sun,December 15,boxscore,L,,@,Carolina Panthers,20,30,15,28,140,1,1,4,27,6.0,4.4,53.6,64.6,28,157,5.6,1,2,2,2,2,4,132,8,15,0,0,26:59
2013,16,NYJ,Sun,December 22,boxscore,W,,,Cleveland Browns,24,13,20,37,214,2,0,0,0,5.8,5.8,54.1,89.2,39,208,5.3,1,1,2,3,3,3,138,12,18,0,1,32:43
2013,17,NYJ,Sun,December 29,boxscore,W,,@,Miami Dolphins,20,7,18,28,220,0,0,0,0,7.9,7.9,64.3,88.4,42,154,3.7,2,2,3,2,2,5,210,6,15,0,0,32:24
2013,1,PHI,Mon,September 9,boxscore,W,,@,Washington Redskins,33,27,15,25,180,2,0,3,23,8.1,6.4,60.0,108.7,49,263,5.4,2,1,1,4,4,6,254,7,15,1,1,32:39
2013,2,PHI,Sun,September 15,boxscore,L,,,San Diego Chargers,30,33,23,37,411,2,0,2,17,11.6,10.5,62.2,118.2,19,100,5.3,1,3,4,3,3,3,134,5,11,0,0,19:43
2013,3,PHI,Thu,September 19,boxscore,L,,,Kansas City Chiefs,16,26,13,30,167,1,2,6,34,6.7,4.6,43.3,44.7,27,264,9.8,1,1,2,1,1,4,148,3,10,0,1,20:53
2013,4,PHI,Sun,September 29,boxscore,L,,@,Denver Broncos,20,52,17,31,284,1,0,3,13,9.6,8.4,54.8,96.7,35,166,4.7,1,2,3,2,2,5,191,8,16,0,0,26:38
2013,5,PHI,Sun,October 6,boxscore,W,,@,New York Giants,36,21,22,39,299,2,0,1,3,7.7,7.5,56.4,98.1,37,140,3.8,1,5,5,3,3,6,287,9,19,0,0,32:07
2013,6,PHI,Sun,October 13,boxscore,W,,@,Tampa Bay Buccaneers,31,20,22,31,287,3,0,1,9,9.5,9.0,71.0,132.1,33,138,4.2,1,1,1,4,4,5,249,7,14,0,0,26:14
2013,7,PHI,Sun,October 20,boxscore,L,,,Dallas Cowboys,3,17,22,49,194,0,3,3,15,4.3,3.7,44.9,30.5,23,84,3.7,0,1,2,0,0,9,419,4,18,1,1,23:47
2013,8,PHI,Sun,October 27,boxscore,L,,,New York Giants,7,15,23,35,152,0,2,4,36,5.4,3.9,65.7,51.1,19,48,2.5,0,0,0,1,1,6,266,3,12,0,2,21:55
2013,9,PHI,Sun,November 3,boxscore,W,,@,Oakland Raiders,49,20,24,31,418,7,0,1,1,13.5,13.1,77.4,158.3,25,124,5.0,0,0,0,7,7,6,259,4,10,0,0,22:06
2013,10,PHI,Sun,November 10,boxscore,W,,@,Green Bay Packers,27,13,12,18,211,3,0,3,17,12.7,10.0,66.7,146.1,37,204,5.5,0,2,3,3,3,2,77,4,11,0,0,25:36
2013,11,PHI,Sun,November 17,boxscore,W,,,Washington Redskins,24,16,17,26,276,0,0,3,22,11.5,9.5,65.4,100.8,33,126,3.8,3,1,1,3,3,6,304,4,13,1,2,26:18
2013,13,PHI,Sun,December 1,boxscore,W,,,Arizona Cardinals,24,21,21,34,202,3,0,5,35,7.0,5.2,61.8,107.7,34,105,3.1,0,1,1,3,3,8,354,5,16,1,1,29:21
2013,14,PHI,Sun,December 8,boxscore,W,,,Detroit Lions,34,20,11,22,179,1,1,0,0,8.1,8.1,50.0,73.9,46,299,6.5,4,0,0,0,0,6,249,3,12,2,3,31:27
2013,15,PHI,Sun,December 15,boxscore,L,,@,Minnesota Vikings,30,48,30,48,396,3,1,4,32,8.9,7.6,62.5,100.7,13,79,6.1,0,3,3,1,1,4,165,7,14,0,1,23:34
2013,16,PHI,Sun,December 22,boxscore,W,,,Chicago Bears,54,11,21,25,225,2,0,2,5,9.2,8.3,84.0,130.8,36,289,8.0,4,1,1,7,7,2,88,5,9,1,1,30:20
2013,17,PHI,Sun,December 29,boxscore,W,,@,Dallas Cowboys,24,22,17,27,229,2,0,5,34,9.7,7.2,63.0,114.6,34,137,4.0,1,1,1,3,3,5,237,5,13,0,1,29:43
2013,18,PHI,Sat,January 4,boxscore,L,,,New Orleans Saints,24,26,23,33,176,2,0,2,19,5.9,5.0,69.7,102.6,22,80,3.6,1,1,2,3,3,5,244,3,12,2,2,25:07
2013,1,PIT,Sun,September 8,boxscore,L,,,Tennessee Titans,9,16,21,33,163,1,1,5,28,5.8,4.3,63.6,73.2,15,31,2.1,0,0,0,1,1,7,309,4,13,1,1,25:59
2013,2,PIT,Mon,September 16,boxscore,L,,@,Cincinnati Bengals,10,20,20,37,234,1,1,2,17,6.8,6.0,54.1,71.2,16,44,2.8,0,1,1,1,1,7,326,3,12,0,0,24:26
2013,3,PIT,Sun,September 22,boxscore,L,,,Chicago Bears,23,40,26,41,379,2,2,3,27,9.9,8.6,63.4,89.4,21,80,3.8,0,3,3,2,2,2,59,3,11,0,1,28:24
2013,4,PIT,Sun,September 29,boxscore,L,,@,Minnesota Vikings,27,34,36,51,357,1,1,5,26,7.5,6.4,70.6,88.4,21,77,3.7,2,2,2,3,3,4,143,8,15,0,0,36:27
2013,6,PIT,Sun,October 13,boxscore,W,,@,New York Jets,19,6,24,31,255,1,0,4,24,9.0,7.3,77.4,111.6,26,73,2.8,0,4,4,1,1,6,273,6,16,0,0,35:49
2013,7,PIT,Sun,October 20,boxscore,W,,,Baltimore Ravens,19,16,17,23,145,1,0,3,15,7.0,5.6,73.9,104.4,29,141,4.9,0,4,4,1,1,1,36,7,12,0,0,31:01
2013,8,PIT,Sun,October 27,boxscore,L,,@,Oakland Raiders,18,21,29,45,241,1,2,5,34,6.1,4.8,64.4,67.0,19,35,1.8,1,1,3,1,1,7,299,4,15,0,0,29:59
2013,9,PIT,Sun,November 3,boxscore,L,,@,New England Patriots,31,55,28,48,371,4,2,5,29,8.3,7.0,58.3,93.3,20,108,5.4,0,1,1,4,4,3,140,5,13,1,3,31:12
2013,10,PIT,Sun,November 10,boxscore,W,,,Buffalo Bills,23,10,18,30,164,1,1,4,40,6.8,4.8,60.0,72.1,33,136,4.1,1,3,3,2,2,5,195,8,17,0,0,35:16
2013,11,PIT,Sun,November 17,boxscore,W,,,Detroit Lions,37,27,29,45,358,4,0,1,9,8.2,7.8,64.4,118.6,27,40,1.5,0,3,3,4,4,5,219,6,16,1,1,32:16
2013,12,PIT,Sun,November 24,boxscore,W,,@,Cleveland Browns,27,11,22,34,217,2,0,0,0,6.4,6.4,64.7,102.2,34,85,2.5,0,2,2,3,3,7,258,4,14,0,1,33:39
2013,13,PIT,Thu,November 28,boxscore,L,,@,Baltimore Ravens,20,22,28,44,257,2,0,0,0,5.8,5.8,63.6,94.6,18,72,4.0,1,0,0,2,2,4,174,7,13,1,2,30:04
2013,14,PIT,Sun,December 8,boxscore,L,,,Miami Dolphins,28,34,23,39,328,3,0,3,21,8.9,7.8,59.0,111.9,21,84,4.0,0,0,0,4,4,6,234,8,17,1,2,31:05
2013,15,PIT,Sun,December 15,boxscore,W,,,Cincinnati Bengals,30,20,20,25,184,1,1,1,7,7.6,7.1,80.0,94.0,36,106,2.9,1,3,3,3,3,3,115,2,10,2,2,31:36
2013,16,PIT,Sun,December 22,boxscore,W,,@,Green Bay Packers,38,31,17,29,192,2,1,1,5,6.8,6.4,58.6,87.1,29,151,5.2,2,1,1,5,5,5,178,2,10,2,2,26:40
2013,17,PIT,Sun,December 29,boxscore,W,,,Cleveland Browns,20,7,19,31,172,1,2,1,7,5.8,5.4,61.3,60.1,29,120,4.1,1,2,2,2,2,4,167,5,12,0,0,30:17
2013,1,SEA,Sun,September 8,boxscore,W,,@,Carolina Panthers,12,7,25,33,300,1,0,2,20,9.7,8.6,75.8,113.2,26,70,2.7,0,2,2,0,0,4,198,6,13,0,0,30:14
2013,2,SEA,Sun,September 15,boxscore,W,,,San Francisco 49ers,29,3,8,19,118,1,1,4,24,7.5,5.1,42.1,58.7,47,172,3.7,2,2,2,3,3,5,170,5,16,1,2,36:43
2013,3,SEA,Sun,September 22,boxscore,W,,,Jacksonville Jaguars,45,17,21,29,323,5,1,2,8,11.4,10.4,72.4,134.1,36,156,4.3,1,1,1,6,6,4,140,4,10,0,0,32:35
2013,4,SEA,Sun,September 29,boxscore,W,OT,@,Houston Texans,23,20,12,23,91,0,1,5,32,5.3,3.3,52.2,43.9,30,179,6.0,1,3,3,2,2,6,278,3,14,1,1,31:48
2013,5,SEA,Sun,October 6,boxscore,L,,@,Indianapolis Colts,28,34,15,31,205,2,1,2,5,6.8,6.2,48.4,78.0,34,218,6.4,0,4,5,2,2,2,77,2,12,1,3,31:22
2013,6,SEA,Sun,October 13,boxscore,W,,,Tennessee Titans,20,13,23,31,253,0,0,2,4,8.3,7.7,74.2,97.9,33,151,4.6,2,2,2,2,2,3,146,5,13,1,1,33:22
2013,7,SEA,Thu,October 17,boxscore,W,,@,Arizona Cardinals,34,22,18,29,209,3,0,3,26,8.1,6.5,62.1,118.3,32,135,4.2,1,2,2,4,4,3,124,7,12,0,1,27:40
2013,8,SEA,Mon,October 28,boxscore,W,,@,St. Louis Rams,14,9,10,18,91,2,0,7,48,7.7,3.6,55.6,106.5,15,44,2.9,0,0,0,2,2,9,403,2,11,0,0,21:51
2013,9,SEA,Sun,November 3,boxscore,W,OT,,Tampa Bay Buccaneers,27,24,19,26,217,2,2,0,0,8.3,8.3,73.1,91.3,35,198,5.7,1,2,2,3,3,2,85,8,12,0,0,30:12
2013,10,SEA,Sun,November 10,boxscore,W,,@,Atlanta Falcons,33,10,19,26,279,2,0,1,8,11.0,10.3,73.1,133.3,42,211,5.0,1,4,4,3,3,2,82,9,15,0,0,35:30
2013,11,SEA,Sun,November 17,boxscore,W,,,Minnesota Vikings,41,20,14,21,230,2,0,1,6,11.2,10.5,66.7,135.0,28,93,3.3,2,2,2,5,5,5,208,4,11,0,0,25:51
2013,13,SEA,Mon,December 2,boxscore,W,,,New Orleans Saints,34,7,22,30,302,3,0,1,8,10.3,9.7,73.3,138.5,38,127,3.3,0,2,2,4,4,3,120,7,14,1,2,33:38
2013,14,SEA,Sun,December 8,boxscore,L,,@,San Francisco 49ers,17,19,15,25,178,1,1,2,21,8.0,6.6,60.0,78.4,23,86,3.7,1,1,1,2,2,6,186,5,12,0,0,27:32
2013,15,SEA,Sun,December 15,boxscore,W,,@,New York Giants,23,0,20,29,193,1,1,4,29,7.7,5.8,69.0,84.4,34,134,3.9,1,3,3,2,2,7,289,3,13,0,0,33:58
2013,16,SEA,Sun,December 22,boxscore,L,,,Arizona Cardinals,10,17,11,27,89,1,1,4,19,4.0,2.9,40.7,46.7,20,103,5.2,0,1,2,1,1,9,335,2,13,0,0,22:36
2013,17,SEA,Sun,December 29,boxscore,W,,,St. Louis Rams,27,9,15,23,158,1,0,4,14,7.5,5.9,65.2,99.5,36,111,3.1,1,2,2,3,3,6,318,4,13,1,1,33:40
2013,19,SEA,Sat,January 11,boxscore,W,,,New Orleans Saints,23,15,9,18,103,0,0,3,0,5.7,4.9,50.0,67.6,35,174,5.0,2,3,3,2,2,6,220,5,14,0,0,29:30
2013,20,SEA,Sun,January 19,boxscore,W,,,San Francisco 49ers,23,17,16,25,193,1,0,4,22,8.6,6.7,64.0,100.9,29,115,4.0,1,3,3,2,2,2,91,5,14,1,3,31:28
2013,21,SEA,Sun,February 2,boxscore,W,,N,Denver Broncos,43,8,18,26,206,2,0,0,0,7.9,7.9,69.2,118.4,29,135,4.7,1,2,2,5,5,1,45,7,12,0,2,31:53
2013,1,SFO,Sun,September 8,boxscore,W,,,Green Bay Packers,34,28,27,39,404,3,0,2,8,10.6,9.9,69.2,128.6,34,90,2.6,1,2,3,4,4,5,236,9,18,1,1,38:35
2013,2,SFO,Sun,September 15,boxscore,L,,@,Seattle Seahawks,3,29,13,28,107,0,3,3,20,4.5,3.5,46.4,17.1,20,100,5.0,0,1,1,0,0,4,196,3,12,0,1,23:17
2013,3,SFO,Sun,September 22,boxscore,L,,,Indianapolis Colts,7,27,13,27,139,0,1,3,11,5.6,4.6,48.1,48.2,23,115,5.0,1,0,0,1,1,7,305,3,12,1,1,23:35
2013,4,SFO,Thu,September 26,boxscore,W,,@,St. Louis Rams,35,11,15,23,151,2,0,2,16,7.3,6.0,65.2,112.8,40,219,5.5,3,0,2,5,5,7,383,6,15,1,1,31:45
2013,5,SFO,Sun,October 6,boxscore,W,,,Houston Texans,34,3,6,15,107,1,0,1,6,7.5,6.7,40.0,87.4,36,177,4.9,2,2,2,4,4,4,195,4,11,0,1,26:08
2013,6,SFO,Sun,October 13,boxscore,W,,,Arizona Cardinals,32,20,16,29,238,2,1,2,14,8.7,7.7,55.2,90.9,38,149,3.9,1,3,3,3,3,6,288,4,14,1,1,34:19
2013,7,SFO,Sun,October 20,boxscore,W,,@,Tennessee Titans,31,17,13,21,196,0,0,2,3,9.5,8.5,61.9,92.6,41,153,3.7,3,1,1,4,4,6,280,8,16,0,0,35:46
2013,8,SFO,Sun,October 27,boxscore,W,,@,Jacksonville Jaguars,42,10,11,17,177,1,0,0,0,10.4,10.4,64.7,119.0,38,221,5.8,4,0,0,6,6,1,61,6,9,2,2,28:29
2013,10,SFO,Sun,November 10,boxscore,L,,,Carolina Panthers,9,10,11,22,46,0,1,6,45,4.1,1.6,50.0,37.3,24,105,4.4,0,3,3,0,0,7,341,2,13,0,0,27:57
2013,11,SFO,Sun,November 17,boxscore,L,,@,New Orleans Saints,20,23,17,31,115,2,1,3,12,4.1,3.4,54.8,71.3,22,81,3.7,0,2,2,2,2,7,346,6,15,0,0,25:21
2013,12,SFO,Mon,November 25,boxscore,W,,@,Washington Redskins,27,6,15,24,228,3,0,2,7,9.8,8.8,62.5,133.3,33,76,2.3,0,2,2,3,3,4,196,4,14,1,2,31:26
2013,13,SFO,Sun,December 1,boxscore,W,,,St. Louis Rams,23,13,19,28,255,1,0,4,20,9.8,8.0,67.9,108.5,30,83,2.8,1,3,3,2,2,4,191,4,12,0,0,33:04
2013,14,SFO,Sun,December 8,boxscore,W,,,Seattle Seahawks,19,17,15,29,155,1,1,2,20,6.0,5.0,51.7,64.6,33,163,4.9,0,4,4,1,1,4,199,5,13,0,0,32:28
2013,15,SFO,Sun,December 15,boxscore,W,,@,Tampa Bay Buccaneers,33,14,19,29,189,2,0,2,14,7.0,6.1,65.5,106.8,40,187,4.7,0,4,4,3,3,4,173,6,15,0,0,39:50
2013,16,SFO,Mon,December 23,boxscore,W,,,Atlanta Falcons,34,24,13,21,180,1,0,3,17,9.4,7.5,61.9,105.3,30,199,6.6,2,2,2,4,4,3,156,4,9,0,0,29:32
2013,17,SFO,Sun,December 29,boxscore,W,,@,Arizona Cardinals,23,20,21,34,292,2,0,2,18,9.1,8.1,61.8,108.9,23,83,3.6,0,3,4,2,2,6,258,3,13,0,1,27:40
2013,18,SFO,Sun,January 5,boxscore,W,,@,Green Bay Packers,23,20,16,30,214,1,1,3,13,7.6,6.5,53.3,73.5,30,167,5.6,1,3,3,2,2,3,110,6,12,1,1,29:06
2013,19,SFO,Sun,January 12,boxscore,W,,@,Carolina Panthers,23,10,15,30,189,1,0,1,7,6.5,6.1,50.0,81.1,34,126,3.7,1,3,3,2,2,2,95,6,14,0,1,29:55
2013,20,SFO,Sun,January 19,boxscore,L,,@,Seattle Seahawks,17,23,14,24,147,1,2,2,6,6.4,5.7,58.3,55.4,28,161,5.8,1,1,1,2,2,4,168,3,11,2,2,28:32
2013,1,TAM,Sun,September 8,boxscore,L,,@,New York Jets,17,18,15,31,185,1,1,3,25,6.8,5.4,48.4,64.6,25,65,2.6,1,1,1,2,2,7,326,6,16,0,0,27:38
2013,2,TAM,Sun,September 15,boxscore,L,,,New Orleans Saints,14,16,9,22,113,1,1,1,12,5.7,4.9,40.9,53.8,33,160,4.8,0,0,1,2,2,6,243,5,13,0,0,27:24
2013,3,TAM,Sun,September 22,boxscore,L,,@,New England Patriots,3,23,19,41,226,0,1,3,10,5.8,5.1,46.3,53.5,22,97,4.4,0,1,2,0,0,3,149,5,14,0,4,26:59
2013,4,TAM,Sun,September 29,boxscore,L,,,Arizona Cardinals,10,13,24,43,173,1,2,2,20,4.5,3.8,55.8,53.7,31,80,2.6,0,1,1,1,1,8,322,7,18,1,1,34:05
2013,6,TAM,Sun,October 13,boxscore,L,,,Philadelphia Eagles,20,31,26,43,257,2,1,2,16,6.3,5.7,60.5,83.2,21,94,4.5,0,2,2,2,2,5,230,6,15,1,2,33:46
2013,7,TAM,Sun,October 20,boxscore,L,,@,Atlanta Falcons,23,31,26,44,226,2,0,3,30,5.8,4.8,59.1,87.9,28,111,4.0,0,3,3,2,2,5,188,5,17,3,3,37:49
2013,8,TAM,Thu,October 24,boxscore,L,,,Carolina Panthers,13,31,30,51,249,1,0,3,26,5.4,4.6,58.8,78.0,14,48,3.4,0,2,2,1,1,5,215,4,14,0,2,25:27
2013,9,TAM,Sun,November 3,boxscore,L,OT,@,Seattle Seahawks,24,27,18,24,145,3,0,3,25,7.1,5.4,75.0,129.3,38,205,5.4,0,1,1,3,3,6,268,8,15,0,0,36:37
2013,10,TAM,Mon,November 11,boxscore,W,,,Miami Dolphins,22,19,11,21,124,1,1,2,15,6.6,5.4,52.4,66.4,37,140,3.8,1,2,2,2,2,5,212,3,12,0,0,34:48
2013,11,TAM,Sun,November 17,boxscore,W,,,Atlanta Falcons,41,28,20,25,224,2,0,2,7,9.2,8.3,80.0,130.7,38,186,4.9,2,2,3,5,5,4,168,3,11,1,2,33:14
2013,12,TAM,Sun,November 24,boxscore,W,,@,Detroit Lions,24,21,14,21,207,2,0,4,40,11.8,8.3,66.7,130.5,24,22,0.9,0,1,3,3,3,5,218,4,14,0,0,26:38
2013,13,TAM,Sun,December 1,boxscore,L,,@,Carolina Panthers,6,27,14,21,140,0,1,5,40,8.6,5.4,66.7,65.6,20,66,3.3,0,2,3,0,0,4,190,1,10,0,1,25:35
2013,14,TAM,Sun,December 8,boxscore,W,,,Buffalo Bills,27,6,9,25,81,2,2,1,9,3.6,3.1,36.0,38.9,36,165,4.6,1,2,2,3,3,8,357,4,15,0,0,31:50
2013,15,TAM,Sun,December 15,boxscore,L,,,San Francisco 49ers,14,33,18,34,144,2,1,4,35,5.3,3.8,52.9,71.2,12,39,3.3,0,0,0,2,2,7,334,1,10,0,2,20:10
2013,16,TAM,Sun,December 22,boxscore,L,,@,St. Louis Rams,13,23,16,26,111,0,0,7,47,6.1,3.4,61.5,71.2,23,59,2.6,1,2,2,1,1,4,186,4,14,1,2,25:54
2013,17,TAM,Sun,December 29,boxscore,L,,@,New Orleans Saints,17,42,22,42,215,2,1,2,4,5.2,4.9,52.4,73.0,18,75,4.2,0,1,1,2,2,5,240,3,13,1,3,25:48
2013,1,OTI,Sun,September 8,boxscore,W,,@,Pittsburgh Steelers,16,9,11,20,117,0,0,1,8,6.3,5.6,55.0,72.3,42,112,2.7,1,3,3,1,1,5,208,6,15,1,1,34:01
2013,2,OTI,Sun,September 15,boxscore,L,OT,@,Houston Texans,24,30,17,30,129,2,0,4,19,4.9,3.8,56.7,89.4,33,119,3.6,0,1,2,3,3,8,382,4,16,0,1,31:14
2013,3,OTI,Sun,September 22,boxscore,W,,,San Diego Chargers,20,17,23,37,282,1,0,2,17,8.1,7.2,62.2,94.7,29,170,5.9,1,2,3,2,2,3,140,6,14,1,2,31:38
2013,4,OTI,Sun,September 29,boxscore,W,,,New York Jets,38,13,21,32,244,4,0,2,13,8.0,7.2,65.6,128.1,31,78,2.5,0,1,1,5,5,7,293,10,18,0,0,30:38
2013,5,OTI,Sun,October 6,boxscore,L,,,Kansas City Chiefs,17,26,21,41,234,1,2,3,13,6.0,5.3,51.2,56.4,22,105,4.8,1,1,2,2,2,6,272,4,14,2,3,28:43
2013,6,OTI,Sun,October 13,boxscore,L,,@,Seattle Seahawks,13,20,17,29,157,0,2,3,14,5.9,4.9,58.6,44.8,20,66,3.3,0,2,2,1,1,4,140,4,12,1,2,26:38
2013,7,OTI,Sun,October 20,boxscore,L,,,San Francisco 49ers,17,31,25,41,298,2,1,3,28,8.0,6.8,61.0,89.3,13,70,5.4,0,1,1,2,2,6,263,5,14,0,0,24:14
2013,9,OTI,Sun,November 3,boxscore,W,,@,St. Louis Rams,28,21,13,22,165,0,2,4,20,8.4,6.3,59.1,44.7,35,198,5.7,4,0,0,4,4,5,228,7,12,0,0,27:09
2013,10,OTI,Sun,November 10,boxscore,L,,,Jacksonville Jaguars,27,29,26,42,279,2,1,1,9,6.9,6.5,61.9,87.3,27,83,3.1,1,2,2,3,3,5,219,10,18,0,0,30:36
2013,11,OTI,Thu,November 14,boxscore,L,,,Indianapolis Colts,27,30,22,28,218,1,0,2,4,7.9,7.3,78.6,111.0,24,122,5.1,2,2,2,3,3,3,117,6,11,0,0,27:37
2013,12,OTI,Sun,November 24,boxscore,W,,@,Oakland Raiders,23,19,30,42,312,2,0,2,8,7.6,7.1,71.4,108.4,29,114,3.9,0,3,3,2,2,5,163,10,18,0,0,35:48
2013,13,OTI,Sun,December 1,boxscore,L,,@,Indianapolis Colts,14,22,21,37,185,1,3,1,16,5.4,4.9,56.8,45.4,36,162,4.5,1,0,0,2,2,6,222,6,15,1,1,33:55
2013,14,OTI,Sun,December 8,boxscore,L,,@,Denver Broncos,28,51,13,24,158,1,1,2,14,7.2,6.1,54.2,71.2,22,96,4.4,3,0,0,4,4,4,201,2,9,2,3,20:40
2013,15,OTI,Sun,December 15,boxscore,L,OT,,Arizona Cardinals,34,37,36,58,394,4,2,3,8,6.9,6.5,62.1,90.7,19,66,3.5,0,2,3,4,4,3,145,7,14,0,0,33:44
2013,16,OTI,Sun,December 22,boxscore,W,,@,Jacksonville Jaguars,20,16,17,26,164,1,1,3,17,7.0,5.7,65.4,79.6,44,182,4.1,1,2,2,2,2,3,140,3,13,3,4,35:39
2013,17,OTI,Sun,December 29,boxscore,W,,,Houston Texans,16,10,15,24,160,0,1,1,6,6.9,6.4,62.5,64.6,36,151,4.2,1,3,3,1,1,6,253,4,14,0,0,32:15
2013,1,WAS,Mon,September 9,boxscore,L,,,Philadelphia Eagles,27,33,30,49,308,2,2,3,21,6.7,5.9,61.2,75.9,18,74,4.1,1,0,1,3,3,3,126,2,10,1,2,27:21
2013,2,WAS,Sun,September 15,boxscore,L,,@,Green Bay Packers,20,38,26,40,314,3,1,1,6,8.0,7.7,65.0,103.5,17,108,6.4,0,0,1,2,2,5,184,3,11,1,2,27:31
2013,3,WAS,Sun,September 22,boxscore,L,,,Detroit Lions,20,27,32,50,300,0,1,2,26,6.5,5.8,64.0,72.1,22,120,5.5,1,2,2,2,2,5,231,6,13,0,0,31:12
2013,4,WAS,Sun,September 29,boxscore,W,,@,Oakland Raiders,24,14,18,31,217,1,0,1,10,7.3,6.8,58.1,90.4,32,122,3.8,1,1,1,3,3,8,280,5,16,0,1,27:38
2013,6,WAS,Sun,October 13,boxscore,L,,@,Dallas Cowboys,16,31,19,39,217,0,1,3,29,6.3,5.2,48.7,55.2,33,216,6.5,1,3,4,1,1,3,141,8,16,0,1,34:32
2013,7,WAS,Sun,October 20,boxscore,W,,,Chicago Bears,45,41,18,29,290,2,1,1,8,10.3,9.7,62.1,104.1,43,209,4.9,3,1,1,6,6,5,218,7,13,0,0,33:56
2013,8,WAS,Sun,October 27,boxscore,L,,@,Denver Broncos,21,45,20,39,154,1,4,3,26,4.6,3.7,51.3,30.2,28,112,4.0,1,0,0,3,3,7,274,6,14,0,0,28:00
2013,9,WAS,Sun,November 3,boxscore,W,OT,,San Diego Chargers,30,24,23,32,291,0,1,0,0,9.1,9.1,71.9,86.8,40,209,5.2,4,1,3,3,3,3,123,12,17,0,0,40:03
2013,10,WAS,Thu,November 7,boxscore,L,,@,Minnesota Vikings,27,34,24,37,242,3,0,4,39,7.6,5.9,64.9,110.4,36,191,5.3,0,2,2,3,3,3,135,9,16,1,2,36:01
2013,11,WAS,Sun,November 17,boxscore,L,,@,Philadelphia Eagles,16,24,17,35,236,2,1,4,28,7.5,6.1,48.6,77.8,38,191,5.0,0,0,0,0,0,6,223,8,17,0,1,33:42
2013,12,WAS,Mon,November 25,boxscore,L,,,San Francisco 49ers,6,27,16,26,76,0,1,6,42,4.5,2.4,61.5,49.8,26,114,4.4,0,2,2,0,0,7,315,4,15,0,2,28:34
2013,13,WAS,Sun,December 1,boxscore,L,,,New York Giants,17,24,24,32,184,1,0,5,23,6.5,5.0,75.0,99.0,31,139,4.5,1,1,1,2,2,7,285,5,16,2,3,31:35
2013,14,WAS,Sun,December 8,boxscore,L,,,Kansas City Chiefs,10,45,19,42,192,1,1,6,31,5.3,4.0,45.2,56.8,17,65,3.8,0,1,1,1,1,8,338,3,15,0,2,25:50
2013,15,WAS,Sun,December 15,boxscore,L,,@,Atlanta Falcons,26,27,29,45,373,3,2,1,8,8.5,8.1,64.4,94.0,21,103,4.9,0,2,2,2,2,3,158,5,10,0,0,26:08
2013,16,WAS,Sun,December 22,boxscore,L,,,Dallas Cowboys,23,24,21,36,197,1,1,0,0,5.5,5.5,58.3,71.2,28,100,3.6,1,3,3,2,2,3,131,7,16,0,1,33:47
2013,17,WAS,Sun,December 29,boxscore,L,,@,New York Giants,6,20,19,49,160,0,2,3,9,3.4,3.1,38.8,31.0,23,91,4.0,0,2,2,0,0,9,364,5,20,1,3,28:21
